S No,State Code,StateName,District LGD Code,DistrictName,District Name (In Local language),Hierarchy,Short Name of District,Census 2001 Code,Census2011 Code,Pesa Status,View Details,View History,View Government Order,View Map
1,35,Andaman And Nicobar Islands(State),603,Nicobars,NICOBARS,Andaman And Nicobar Islands(State),NIC,2,638,Not Covered,,,,
2,35,Andaman And Nicobar Islands(State),632,North And Middle Andaman,NORTH AND MIDDLE ANDAMAN,Andaman And Nicobar Islands(State),NMA,,639,Not Covered,,,,
3,35,Andaman And Nicobar Islands(State),602,South Andamans,SOUTH ANDAMANS,Andaman And Nicobar Islands(State),SAS,1,640,Not Covered,,,,
4,28,Andhra Pradesh(State),745,Alluri Sitharama Raju,Alluri Sitharama Raju,Andhra Pradesh(State),LLR,,0,Not Covered,,,,
5,28,Andhra Pradesh(State),744,Anakapalli,Anakapalli,Andhra Pradesh(State),NKP,,0,Not Covered,,,,
6,28,Andhra Pradesh(State),502,Ananthapuramu,అనంతపురము,Andhra Pradesh(State),ANT,22,553,Not Covered,,,,
7,28,Andhra Pradesh(State),753,Annamayya,Annamayya,Andhra Pradesh(State),NNM,,0,Not Covered,,,,
8,28,Andhra Pradesh(State),750,Bapatla,Bapatla,Andhra Pradesh(State),BPT,,0,Not Covered,,,,
9,28,Andhra Pradesh(State),503,Chittoor,CHITTOOR,Andhra Pradesh(State),CHI,23,554,Not Covered,,,,
10,28,Andhra Pradesh(State),747,Dr. B.R. Ambedkar Konaseema,డా బి ఆర్  అంబేడ్కర్ కోనసీమ,Andhra Pradesh(State),KNS,,0,Not Covered,,,,
11,28,Andhra Pradesh(State),505,East Godavari,EAST GODAVARI,Andhra Pradesh(State),EGI,14,545,Not Covered,,,,
12,28,Andhra Pradesh(State),748,Eluru,Eluru,Andhra Pradesh(State),LR,,0,Not Covered,,,,
13,28,Andhra Pradesh(State),506,Guntur,GUNTUR,Andhra Pradesh(State),GNT,17,548,Not Covered,,,,
14,28,Andhra Pradesh(State),746,Kakinada,Kakinada,Andhra Pradesh(State),KKN,,0,Not Covered,,,,
15,28,Andhra Pradesh(State),510,Krishna,KRISHNA,Andhra Pradesh(State),KRS,16,547,Not Covered,,,,
16,28,Andhra Pradesh(State),511,Kurnool,KURNOOL,Andhra Pradesh(State),KUR,21,552,Not Covered,,,,
17,28,Andhra Pradesh(State),755,Nandyal,Nandyal,Andhra Pradesh(State),NND,,0,Not Covered,,,,
18,28,Andhra Pradesh(State),749,Ntr,NTR,Andhra Pradesh(State),TNR,,0,Not Covered,,,,
19,28,Andhra Pradesh(State),751,Palnadu,Palnadu,Andhra Pradesh(State),PLN,,0,Not Covered,,,,
20,28,Andhra Pradesh(State),743,Parvathipuram Manyam,Parvathipuram Manyam,Andhra Pradesh(State),PRV,,0,Not Covered,,,,
21,28,Andhra Pradesh(State),517,Prakasam,PRAKASAM,Andhra Pradesh(State),PRA,18,549,Not Covered,,,,
22,28,Andhra Pradesh(State),519,Srikakulam,SRIKAKULAM,Andhra Pradesh(State),SRK,11,542,Not Covered,,,,
23,28,Andhra Pradesh(State),515,Sri Potti Sriramulu Nellore,శ్రీ పొట్టి శ్రీరాములు నెల్లూరు,Andhra Pradesh(State),NEL,19,550,Not Covered,,,,
24,28,Andhra Pradesh(State),754,Sri Sathya Sai,Sri Sathya Sai,Andhra Pradesh(State),SSS,,0,Not Covered,,,,
25,28,Andhra Pradesh(State),752,Tirupati,Tirupati,Andhra Pradesh(State),TPT,,0,Not Covered,,,,
26,28,Andhra Pradesh(State),520,Visakhapatnam,విశాఖపట్నం,Andhra Pradesh(State),VSK,13,544,Not Covered,,,,
27,28,Andhra Pradesh(State),521,Vizianagaram,VIZIANAGARAM,Andhra Pradesh(State),VNG,12,543,Not Covered,,,,
28,28,Andhra Pradesh(State),523,West Godavari,పశ్చిమగోదావరి,Andhra Pradesh(State),WGI,15,546,Not Covered,,,,
29,28,Andhra Pradesh(State),504,Y.S.R.,,Andhra Pradesh(State),CUD,20,551,Not Covered,,,,
30,12,Arunachal Pradesh(State),628,Anjaw,,Arunachal Pradesh(State),ANJ,,260,Not Covered,,,,
31,12,Arunachal Pradesh(State),787,Bichom,Bichom,Arunachal Pradesh(State),,,,Not Covered,,,,
32,12,Arunachal Pradesh(State),229,Changlang,CHANGLANG,Arunachal Pradesh(State),CHG,12,253,Not Covered,,,,
33,12,Arunachal Pradesh(State),230,Dibang Valley,DIBANG VALLEY,Arunachal Pradesh(State),DBN,10,257,Not Covered,,,,
34,12,Arunachal Pradesh(State),231,East Kameng,EAST KAMENG,Arunachal Pradesh(State),EKG,3,247,Not Covered,,,,
35,12,Arunachal Pradesh(State),232,East Siang,EAST SIANG,Arunachal Pradesh(State),ESG,8,251,Not Covered,,,,
36,12,Arunachal Pradesh(State),718,Kamle,KAMLE,Arunachal Pradesh(State),KML,,0,Not Covered,,,,
37,12,Arunachal Pradesh(State),786,Keyi Panyor,Keyi Panyor,Arunachal Pradesh(State),,,,Not Covered,,,,
38,12,Arunachal Pradesh(State),677,Kra Daadi,KRA DAADI,Arunachal Pradesh(State),KRD,,0,Not Covered,,,,
39,12,Arunachal Pradesh(State),233,Kurung Kumey,KURUNG KUMEY,Arunachal Pradesh(State),KKY,14,256,Not Covered,,,,
40,22,Chhattisgarh(State),385,Mahasamund,महासमुंद,Chhattisgarh(State),MHS,12,411,Not Covered,,,,
41,12,Arunachal Pradesh(State),724,Leparada,LEPARADA,Arunachal Pradesh(State),LPR,,0,Not Covered,,,,
42,12,Arunachal Pradesh(State),234,Lohit,LOHIT,Arunachal Pradesh(State),LHT,11,259,Not Covered,,,,
43,12,Arunachal Pradesh(State),666,Longding,LONGDING,Arunachal Pradesh(State),LDG,,0,Not Covered,,,,
44,12,Arunachal Pradesh(State),235,Lower Dibang Valley,LOWER DIBANG VALLEY,Arunachal Pradesh(State),LDV,15,258,Not Covered,,,,
45,12,Arunachal Pradesh(State),719,Lower Siang,LOWER SIANG,Arunachal Pradesh(State),LWR,,0,Not Covered,,,,
46,12,Arunachal Pradesh(State),236,Lower Subansiri,LOWER SUBANSIRI,Arunachal Pradesh(State),LSI,5,255,Not Covered,,,,
47,12,Arunachal Pradesh(State),678,Namsai,,Arunachal Pradesh(State),NMS,,0,Not Covered,,,,
48,12,Arunachal Pradesh(State),723,Pakke Kessang,PAKKE KESSANG,Arunachal Pradesh(State),PKK,,0,Not Covered,,,,
49,12,Arunachal Pradesh(State),237,Papum Pare,PAPUM PARE,Arunachal Pradesh(State),PPM,4,248,Not Covered,,,,
50,12,Arunachal Pradesh(State),725,Shi Yomi,SHI YOMI,Arunachal Pradesh(State),SHY,,0,Not Covered,,,,
51,12,Arunachal Pradesh(State),679,Siang,,Arunachal Pradesh(State),SAN,,0,Not Covered,,,,
52,12,Arunachal Pradesh(State),238,Tawang,TAWANG,Arunachal Pradesh(State),TWN,1,245,Not Covered,,,,
53,12,Arunachal Pradesh(State),239,Tirap,TIRAP,Arunachal Pradesh(State),TRP,13,254,Not Covered,,,,
54,12,Arunachal Pradesh(State),240,Upper Siang,UPPER SIANG,Arunachal Pradesh(State),USG,9,252,Not Covered,,,,
55,12,Arunachal Pradesh(State),241,Upper Subansiri,UPPER SUBANSIRI,Arunachal Pradesh(State),USI,6,249,Not Covered,,,,
56,12,Arunachal Pradesh(State),242,West Kameng,WEST KAMENG,Arunachal Pradesh(State),WKG,2,246,Not Covered,,,,
57,12,Arunachal Pradesh(State),243,West Siang,WEST SIANG,Arunachal Pradesh(State),WSG,7,250,Not Covered,,,,
58,18,Assam(State),739,Bajali,,Assam(State),BJL,,0,Not Covered,,,,
59,18,Assam(State),616,Baksa,,Assam(State),BAK,,324,Not Covered,,,,
60,18,Assam(State),280,Barpeta,BARPETA,Assam(State),BAR,5,303,Not Covered,,,,
61,18,Assam(State),705,Biswanath,,Assam(State),BSW,,0,Not Covered,,,,
62,18,Assam(State),281,Bongaigaon,BONGAIGAON,Assam(State),BNG,4,319,Not Covered,,,,
63,18,Assam(State),282,Cachar,CACHAR,Assam(State),CCH,21,316,Not Covered,,,,
64,18,Assam(State),708,Charaideo,,Assam(State),CID,,0,Not Covered,,,,
65,18,Assam(State),612,Chirang,,Assam(State),CRG,,320,Not Covered,,,,
66,18,Assam(State),283,Darrang,DARRANG,Assam(State),DRR,8,325,Not Covered,,,,
67,18,Assam(State),284,Dhemaji,DHEMAJI,Assam(State),DHM,13,308,Not Covered,,,,
68,18,Assam(State),285,Dhubri,DHUBURI,Assam(State),DHB,2,301,Not Covered,,,,
69,18,Assam(State),286,Dibrugarh,DIBRUGARH,Assam(State),DBR,15,310,Not Covered,,,,
70,18,Assam(State),299,Dima Hasao,DIMA HASAO,Assam(State),DHO,20,315,Not Covered,,,,
71,18,Assam(State),287,Goalpara,GOALPARA,Assam(State),GLP,3,302,Not Covered,,,,
72,18,Assam(State),288,Golaghat,GOLAGHAT,Assam(State),GLG,18,313,Not Covered,,,,
73,18,Assam(State),289,Hailakandi,HAILAKANDI,Assam(State),HLK,23,318,Not Covered,,,,
74,18,Assam(State),709,Hojai,,Assam(State),HJ,,0,Not Covered,,,,
75,18,Assam(State),290,Jorhat,JORHAT,Assam(State),JRH,17,312,Not Covered,,,,
76,18,Assam(State),291,Kamrup,KAMRUP,Assam(State),KMP,6,321,Not Covered,,,,
77,18,Assam(State),618,Kamrup Metro,KAMRUP MOHANAGAR,Assam(State),KMT,,322,Not Covered,,,,
78,18,Assam(State),292,Karbi Anglong,KARBI ANGLONG,Assam(State),KAG,19,314,Not Covered,,,,
79,18,Assam(State),294,Kokrajhar,KOKRAJHAR,Assam(State),KKR,1,300,Not Covered,,,,
80,18,Assam(State),295,Lakhimpur,LAKHIMPUR,Assam(State),LKP,12,307,Not Covered,,,,
81,18,Assam(State),706,Majuli,,Assam(State),MJL,,0,Not Covered,,,,
82,18,Assam(State),296,Marigaon,MARIGAON,Assam(State),MGN,9,304,Not Covered,,,,
83,18,Assam(State),297,Nagaon,NAGAON,Assam(State),NGN,10,305,Not Covered,,,,
84,18,Assam(State),298,Nalbari,NALBARI,Assam(State),NLB,7,323,Not Covered,,,,
85,18,Assam(State),300,Sivasagar,SIVASAGAR,Assam(State),SVS,16,311,Not Covered,,,,
86,24,Gujarat(State),458,Sabar Kantha,SABAR KANTHA,Gujarat(State),SKA,5,472,Partially Covered,,,,
87,18,Assam(State),301,Sonitpur,SONITPUR,Assam(State),SON,11,306,Not Covered,,,,
88,18,Assam(State),707,South Salmara Mancachar,,Assam(State),STH,,0,Not Covered,,,,
89,18,Assam(State),293,Sribhumi,শ্ৰীভূমি,Assam(State),KGJ,22,317,Not Covered,,,,
90,18,Assam(State),756,Tamulpur,,Assam(State),TML,,0,Not Covered,,,,
91,18,Assam(State),302,Tinsukia,TINSUKIA,Assam(State),TIN,14,309,Not Covered,,,,
92,18,Assam(State),617,Udalguri,,Assam(State),UDA,,326,Not Covered,,,,
93,18,Assam(State),710,West Karbi Anglong,,Assam(State),WST,,0,Not Covered,,,,
94,10,Bihar(State),188,Araria,अररिया,Bihar(State),ARA,7,209,Not Covered,,,,
95,10,Bihar(State),611,Arwal,अरवल,Bihar(State),ARW,33,240,Not Covered,,,,
96,10,Bihar(State),189,Aurangabad,औरंगाबाद,Bihar(State),AGB,34,235,Not Covered,,,,
97,10,Bihar(State),190,Banka,बांका,Bihar(State),BNK,23,225,Not Covered,,,,
98,10,Bihar(State),191,Begusarai,बेगूसराय,Bihar(State),BSR,20,222,Not Covered,,,,
99,10,Bihar(State),192,Bhagalpur,भागलपुर,Bihar(State),BGO,22,224,Not Covered,,,,
100,10,Bihar(State),193,Bhojpur,भोजपुर,Bihar(State),BJP,29,231,Not Covered,,,,
101,10,Bihar(State),194,Buxar,बक्सर,Bihar(State),BUX,30,232,Not Covered,,,,
102,10,Bihar(State),195,Darbhanga,दरभंगा,Bihar(State),DBG,13,215,Not Covered,,,,
103,10,Bihar(State),196,Gaya,गया,Bihar(State),GAY,35,236,Not Covered,,,,
104,10,Bihar(State),197,Gopalganj,गोपालगंज,Bihar(State),GPG,15,217,Not Covered,,,,
105,10,Bihar(State),198,Jamui,जमुई,Bihar(State),JAM,37,238,Not Covered,,,,
106,10,Bihar(State),199,Jehanabad,जहानाबाद,Bihar(State),JHB,33,239,Not Covered,,,,
107,10,Bihar(State),200,Kaimur (Bhabua),कैमूर ( भभुआ ),Bihar(State),KMR,31,233,Not Covered,,,,
108,10,Bihar(State),201,Katihar,कटिहार,Bihar(State),KTR,10,212,Not Covered,,,,
109,10,Bihar(State),202,Khagaria,खगड़िया,Bihar(State),KGR,21,223,Not Covered,,,,
110,10,Bihar(State),203,Kishanganj,किशनगंज,Bihar(State),KSG,8,210,Not Covered,,,,
111,10,Bihar(State),204,Lakhisarai,लखीसराय,Bihar(State),LSR,25,227,Not Covered,,,,
112,10,Bihar(State),205,Madhepura,मधेपुरा,Bihar(State),MDP,11,213,Not Covered,,,,
113,10,Bihar(State),206,Madhubani,मधुबनी,Bihar(State),MDB,5,207,Not Covered,,,,
114,10,Bihar(State),207,Munger,मुंगेर,Bihar(State),MNG,24,226,Not Covered,,,,
115,10,Bihar(State),208,Muzaffarpur,मुजफ्फरपुर,Bihar(State),MUZ,14,216,Not Covered,,,,
116,10,Bihar(State),209,Nalanda,नालंदा,Bihar(State),NLD,27,229,Not Covered,,,,
117,10,Bihar(State),210,Nawada,नवादा,Bihar(State),NAW,36,237,Not Covered,,,,
118,10,Bihar(State),211,Pashchim Champaran,पश्चिम चम्पारण,Bihar(State),PSC,1,203,Not Covered,,,,
119,10,Bihar(State),212,Patna,पटना,Bihar(State),PTN,28,230,Not Covered,,,,
120,10,Bihar(State),213,Purbi Champaran,पूर्वी चंपारण,Bihar(State),PRC,2,204,Not Covered,,,,
121,10,Bihar(State),214,Purnia,पूर्णिया,Bihar(State),PRN,9,211,Not Covered,,,,
122,10,Bihar(State),215,Rohtas,रोहतास,Bihar(State),RTS,32,234,Not Covered,,,,
123,10,Bihar(State),216,Saharsa,सहरसा,Bihar(State),SHS,12,214,Not Covered,,,,
124,10,Bihar(State),217,Samastipur,समस्तीपुर,Bihar(State),SMS,19,221,Not Covered,,,,
125,10,Bihar(State),218,Saran,सारण,Bihar(State),SAR,17,219,Not Covered,,,,
126,10,Bihar(State),219,Sheikhpura,शेखपुरा,Bihar(State),SHK,26,228,Not Covered,,,,
127,10,Bihar(State),220,Sheohar,शिवहर,Bihar(State),SHH,3,205,Not Covered,,,,
128,10,Bihar(State),221,Sitamarhi,सीतामढी,Bihar(State),STM,4,206,Not Covered,,,,
129,10,Bihar(State),222,Siwan,सिवान,Bihar(State),SWN,16,218,Not Covered,,,,
130,10,Bihar(State),223,Supaul,सुपौल,Bihar(State),SPL,6,208,Not Covered,,,,
131,10,Bihar(State),224,Vaishali,वैशाली,Bihar(State),VSH,18,220,Not Covered,,,,
132,4,Chandigarh(State),44,Chandigarh,CHANDIGARH,Chandigarh(State),CHD,1,55,Not Covered,,,,
133,22,Chhattisgarh(State),646,Balod,बालोद,Chhattisgarh(State),BLD,,0,Not Covered,,,,
134,22,Chhattisgarh(State),644,Balodabazar-Bhatapara,बलौदाबाजार-भाटापारा,Chhattisgarh(State),BLB,,0,Not Covered,,,,
135,22,Chhattisgarh(State),649,Balrampur-Ramanujganj,बलरामपुर-रामानुजगंज,Chhattisgarh(State),BLM,,0,Partially Covered,,,,
136,22,Chhattisgarh(State),374,Bastar,बस्तर,Chhattisgarh(State),BAS,15,414,Partially Covered,,,,
137,22,Chhattisgarh(State),650,Bemetara,बेमेतरा,Chhattisgarh(State),BEM,,0,Not Covered,,,,
138,22,Chhattisgarh(State),636,Bijapur,बीजापुर,Chhattisgarh(State),BIJ,16,417,Partially Covered,,,,
139,22,Chhattisgarh(State),375,Bilaspur,बिलासपुर,Chhattisgarh(State),BLP,7,406,Partially Covered,,,,
140,22,Chhattisgarh(State),376,Dakshin Bastar Dantewada,दक्षिण बस्तर दंतेवाड़ा,Chhattisgarh(State),DNT,16,416,Partially Covered,,,,
141,22,Chhattisgarh(State),377,Dhamtari,धमतरी,Chhattisgarh(State),DMT,13,412,Partially Covered,,,,
142,22,Chhattisgarh(State),378,Durg,दुर्ग,Chhattisgarh(State),DRG,10,409,Not Covered,,,,
143,22,Chhattisgarh(State),645,Gariyaband,गरियाबंद,Chhattisgarh(State),GRY,,0,Partially Covered,,,,
144,22,Chhattisgarh(State),734,Gaurela-Pendra-Marwahi,गौरेला-पेंड्रा-मरवाही,Chhattisgarh(State),GRL,,0,Fully Covered,,,,
145,22,Chhattisgarh(State),379,Janjgir-Champa,जांजगीर - चाम्पा,Chhattisgarh(State),JCH,6,405,Not Covered,,,,
146,22,Chhattisgarh(State),380,Jashpur,जशपुर,Chhattisgarh(State),JSH,3,402,Partially Covered,,,,
147,22,Chhattisgarh(State),382,Kabeerdham,कबीरधाम,Chhattisgarh(State),KDM,8,407,Not Covered,,,,
148,22,Chhattisgarh(State),759,Khairagarh-Chhuikhadan-Gandai,खैरागढ़-छुईखदान-गंडई,Chhattisgarh(State),KCG,,0,Not Covered,,,,
149,22,Chhattisgarh(State),643,Kondagaon,कोंडागांव,Chhattisgarh(State),KON,,0,Partially Covered,,,,
150,22,Chhattisgarh(State),383,Korba,कोरबा,Chhattisgarh(State),KRB,5,404,Partially Covered,,,,
151,22,Chhattisgarh(State),384,Korea,कोरिया,Chhattisgarh(State),KOR,1,400,Fully Covered,,,,
152,22,Chhattisgarh(State),760,Manendragarh-Chirmiri-Bharatpur(M C B),मनेन्द्रगढ़-चिरमिरी-भरतपुर(ऍम.सी.बी.),Chhattisgarh(State),MNN,,0,Fully Covered,,,,
153,22,Chhattisgarh(State),761,Mohla-Manpur-Ambagarh Chouki,मोहला-मानपुर-अम्बागढ़ चौकी,Chhattisgarh(State),MHL,,0,Partially Covered,,,,
154,22,Chhattisgarh(State),647,Mungeli,मुंगेली,Chhattisgarh(State),MUN,,0,Not Covered,,,,
155,22,Chhattisgarh(State),637,Narayanpur,नारायणपुर,Chhattisgarh(State),NRY,,415,Partially Covered,,,,
156,22,Chhattisgarh(State),386,Raigarh,रायगढ़,Chhattisgarh(State),RGR,4,403,Partially Covered,,,,
157,22,Chhattisgarh(State),387,Raipur,रायपुर,Chhattisgarh(State),RPR,11,410,Not Covered,,,,
158,22,Chhattisgarh(State),388,Rajnandgaon,राजनंदगांव,Chhattisgarh(State),RJN,9,408,Not Covered,,,,
159,22,Chhattisgarh(State),762,Sakti,सक्ती,Chhattisgarh(State),SKT,,0,Not Covered,,,,
160,22,Chhattisgarh(State),763,Sarangarh-Bilaigarh,सारंगढ़-बिलाईगढ़,Chhattisgarh(State),SRB,,0,Not Covered,,,,
161,22,Chhattisgarh(State),642,Sukma,सुकमा,Chhattisgarh(State),SKM,,0,Partially Covered,,,,
162,22,Chhattisgarh(State),648,Surajpur,सूरजपुर,Chhattisgarh(State),SRJ,,0,Partially Covered,,,,
163,22,Chhattisgarh(State),389,Surguja,सरगुजा,Chhattisgarh(State),SRG,2,401,Partially Covered,,,,
164,22,Chhattisgarh(State),381,Uttar Bastar Kanker,उत्तर बस्तर कांकेर,Chhattisgarh(State),KNK,14,413,Partially Covered,,,,
165,7,Delhi(State),77,Central,CENTRAL,Delhi(State),CNT,6,95,Not Covered,,,,
166,7,Delhi(State),78,East,EAST,Delhi(State),EST,4,93,Not Covered,,,,
167,7,Delhi(State),79,New Delhi,NEW DELHI,Delhi(State),NDL,5,94,Not Covered,,,,
168,7,Delhi(State),80,North,NORTH,Delhi(State),NRD,2,91,Not Covered,,,,
169,7,Delhi(State),81,North East,NORTH EAST,Delhi(State),NED,3,92,Not Covered,,,,
170,7,Delhi(State),82,North West,NORTH WEST,Delhi(State),NWD,1,90,Not Covered,,,,
171,7,Delhi(State),671,Shahdara,SHAHDARA,Delhi(State),HHD,,0,Not Covered,,,,
172,7,Delhi(State),83,South,SOUTH,Delhi(State),SDL,9,98,Not Covered,,,,
173,7,Delhi(State),670,South East,SOUTH EAST,Delhi(State),STS,,0,Not Covered,,,,
174,7,Delhi(State),84,South West,SOUTH WEST,Delhi(State),SWD,8,97,Not Covered,,,,
175,7,Delhi(State),85,West,WEST,Delhi(State),WSD,7,96,Not Covered,,,,
176,30,Goa(State),551,North Goa,NORTH GOA,Goa(State),NGO,1,585,Not Covered,,,,
177,30,Goa(State),552,South Goa,SOUTH GOA,Goa(State),SGO,2,586,Not Covered,,,,
178,24,Gujarat(State),438,Ahmedabad,AHMEDABAD,Gujarat(State),AHM,7,474,Not Covered,,,,
179,24,Gujarat(State),439,Amreli,AMRELI,Gujarat(State),ARL,13,480,Not Covered,,,,
180,24,Gujarat(State),440,Anand,ANAND,Gujarat(State),ANA,15,482,Not Covered,,,,
181,24,Gujarat(State),672,Arvalli,,Gujarat(State),RVL,,0,Partially Covered,,,,
182,24,Gujarat(State),441,Banas Kantha,BANAS KANTHA,Gujarat(State),BKT,2,469,Not Covered,,,,
183,24,Gujarat(State),442,Bharuch,BHARUCH,Gujarat(State),BRC,21,488,Partially Covered,,,,
184,24,Gujarat(State),443,Bhavnagar,BHAVNAGAR,Gujarat(State),BHV,14,481,Not Covered,,,,
185,24,Gujarat(State),676,Botad,BOTAD,Gujarat(State),BTD,,0,Not Covered,,,,
186,24,Gujarat(State),668,Chhotaudepur,CHHOTAUDEPUR,Gujarat(State),CUP,,0,Partially Covered,,,,
187,24,Gujarat(State),445,Dahod,DAHOD,Gujarat(State),DHD,18,485,Fully Covered,,,,
188,24,Gujarat(State),444,Dangs,DANGS,Gujarat(State),DAN,23,489,Fully Covered,,,,
189,24,Gujarat(State),674,Devbhumi Dwarka,DEVBHUMI DWARKA,Gujarat(State),DVB,,0,Not Covered,,,,
190,24,Gujarat(State),446,Gandhinagar,GANDHINAGAR,Gujarat(State),GNR,6,473,Not Covered,,,,
191,24,Gujarat(State),675,Gir Somnath,GIR SOMNATH,Gujarat(State),GRS,,0,Not Covered,,,,
192,24,Gujarat(State),447,Jamnagar,JAMNAGAR,Gujarat(State),JMN,10,477,Not Covered,,,,
193,24,Gujarat(State),448,Junagadh,JUNAGADH,Gujarat(State),JNG,12,479,Not Covered,,,,
194,24,Gujarat(State),449,Kachchh,KACHCHH,Gujarat(State),KCH,1,468,Not Covered,,,,
195,24,Gujarat(State),450,Kheda,KHEDA,Gujarat(State),KHE,16,483,Not Covered,,,,
196,24,Gujarat(State),451,Mahesana,MAHESANA,Gujarat(State),MHN,4,471,Not Covered,,,,
197,24,Gujarat(State),669,Mahisagar,મહિસાગર,Gujarat(State),MSG,,0,Partially Covered,,,,
198,24,Gujarat(State),673,Morbi,MORBI,Gujarat(State),MRI,,0,Not Covered,,,,
199,24,Gujarat(State),452,Narmada,NARMADA,Gujarat(State),NRM,20,487,Fully Covered,,,,
200,24,Gujarat(State),453,Navsari,NAVSARI,Gujarat(State),NVS,24,490,Partially Covered,,,,
201,24,Gujarat(State),454,Panch Mahals,PANCH MAHALS,Gujarat(State),PMS,17,484,Partially Covered,,,,
202,24,Gujarat(State),455,Patan,PATAN,Gujarat(State),PAT,3,470,Not Covered,,,,
203,24,Gujarat(State),456,Porbandar,PORBANDAR,Gujarat(State),PRB,11,478,Not Covered,,,,
204,24,Gujarat(State),457,Rajkot,RAJKOT,Gujarat(State),RJK,9,476,Not Covered,,,,
205,24,Gujarat(State),459,Surat,SURAT,Gujarat(State),SRT,22,492,Partially Covered,,,,
206,24,Gujarat(State),460,Surendranagar,SURENDRANAGAR,Gujarat(State),SUR,8,475,Not Covered,,,,
207,24,Gujarat(State),641,Tapi,,Gujarat(State),TAP,,493,Fully Covered,,,,
208,24,Gujarat(State),461,Vadodara,VADODARA,Gujarat(State),VDR,19,486,Not Covered,,,,
209,24,Gujarat(State),462,Valsad,VALSAD,Gujarat(State),VLS,25,491,Partially Covered,,,,
210,6,Haryana(State),58,Ambala,AMBALA,Haryana(State),AMB,2,70,Not Covered,,,,
211,6,Haryana(State),59,Bhiwani,BHIWANI,Haryana(State),BHW,13,81,Not Covered,,,,
212,6,Haryana(State),701,Charkhi Dadri,CHARKHI DADRI,Haryana(State),HRK,,0,Not Covered,,,,
213,6,Haryana(State),60,Faridabad,FARIDABAD,Haryana(State),FRB,19,88,Not Covered,,,,
214,6,Haryana(State),61,Fatehabad,FATEHABAD,Haryana(State),FTB,10,78,Not Covered,,,,
215,6,Haryana(State),62,Gurugram,GURUGRAM,Haryana(State),GRG,18,86,Not Covered,,,,
216,6,Haryana(State),63,Hisar,HISAR,Haryana(State),HSR,12,80,Not Covered,,,,
217,6,Haryana(State),64,Jhajjar,JHAJJAR,Haryana(State),JHJ,15,83,Not Covered,,,,
218,6,Haryana(State),65,Jind,JIND,Haryana(State),JND,9,77,Not Covered,,,,
219,6,Haryana(State),66,Kaithal,KAITHAL,Haryana(State),KTL,5,73,Not Covered,,,,
220,6,Haryana(State),67,Karnal,KARNAL,Haryana(State),KRL,6,74,Not Covered,,,,
221,6,Haryana(State),68,Kurukshetra,KURUKSHETRA,Haryana(State),KRK,4,72,Not Covered,,,,
222,6,Haryana(State),69,Mahendragarh,MAHENDRAGARH,Haryana(State),MGH,16,84,Not Covered,,,,
223,6,Haryana(State),604,Nuh,नूँह,Haryana(State),MWT,,87,Not Covered,,,,
224,6,Haryana(State),619,Palwal,,Haryana(State),PWL,,89,Not Covered,,,,
225,6,Haryana(State),70,Panchkula,PANCHKULA,Haryana(State),PNK,1,69,Not Covered,,,,
226,6,Haryana(State),71,Panipat,PANIPAT,Haryana(State),PNP,7,75,Not Covered,,,,
227,6,Haryana(State),72,Rewari,REWARI,Haryana(State),RWR,17,85,Not Covered,,,,
228,6,Haryana(State),73,Rohtak,ROHTAK,Haryana(State),RHT,14,82,Not Covered,,,,
229,6,Haryana(State),74,Sirsa,SIRSA,Haryana(State),SRS,11,79,Not Covered,,,,
230,6,Haryana(State),75,Sonipat,SONIPAT,Haryana(State),SNP,8,76,Not Covered,,,,
231,6,Haryana(State),76,Yamunanagar,YAMUNANAGAR,Haryana(State),YMN,3,71,Not Covered,,,,
232,2,Himachal Pradesh(State),15,Bilaspur,BILASPUR,Himachal Pradesh(State),BLS,8,30,Not Covered,,,,
233,2,Himachal Pradesh(State),16,Chamba,CHAMBA,Himachal Pradesh(State),CHM,1,23,Not Covered,,,,
234,2,Himachal Pradesh(State),17,Hamirpur,HAMIRPUR,Himachal Pradesh(State),HMP,6,28,Not Covered,,,,
235,2,Himachal Pradesh(State),18,Kangra,KANGRA,Himachal Pradesh(State),KNG,2,24,Not Covered,,,,
236,2,Himachal Pradesh(State),19,Kinnaur,KINNAUR,Himachal Pradesh(State),KIN,12,34,Fully Covered,,,,
237,2,Himachal Pradesh(State),20,Kullu,KULLU,Himachal Pradesh(State),KUL,4,26,Not Covered,,,,
238,2,Himachal Pradesh(State),21,Lahaul And Spiti,Lahaul and Spiti,Himachal Pradesh(State),LAS,3,25,Fully Covered,,,,
239,2,Himachal Pradesh(State),22,Mandi,MANDI,Himachal Pradesh(State),MND,5,27,Not Covered,,,,
240,2,Himachal Pradesh(State),23,Shimla,SHIMLA,Himachal Pradesh(State),SHM,11,33,Not Covered,,,,
241,2,Himachal Pradesh(State),24,Sirmaur,SIRMAUR,Himachal Pradesh(State),SRM,10,32,Not Covered,,,,
242,2,Himachal Pradesh(State),25,Solan,SOLAN,Himachal Pradesh(State),SLN,9,31,Not Covered,,,,
243,2,Himachal Pradesh(State),26,Una,UNA,Himachal Pradesh(State),UNA,7,29,Not Covered,,,,
244,1,Jammu And Kashmir(State),1,Anantnag,ANANTNAG,Jammu And Kashmir(State),ATG,6,14,Not Covered,,,,
245,1,Jammu And Kashmir(State),623,Bandipora,BANDIPORA,Jammu And Kashmir(State),BDP,,9,Not Covered,,,,
246,1,Jammu And Kashmir(State),3,Baramulla,BARAMULLA,Jammu And Kashmir(State),BRM,2,8,Not Covered,,,,
247,1,Jammu And Kashmir(State),2,Budgam,,Jammu And Kashmir(State),BDG,4,2,Not Covered,,,,
248,1,Jammu And Kashmir(State),4,Doda,DODA,Jammu And Kashmir(State),DOD,9,16,Not Covered,,,,
249,1,Jammu And Kashmir(State),626,Ganderbal,GANDERBAL,Jammu And Kashmir(State),GDR,,11,Not Covered,,,,
250,1,Jammu And Kashmir(State),5,Jammu,JAMMU,Jammu And Kashmir(State),JMU,13,21,Not Covered,,,,
251,1,Jammu And Kashmir(State),7,Kathua,KATHUA,Jammu And Kashmir(State),KTH,14,7,Not Covered,,,,
252,1,Jammu And Kashmir(State),620,Kishtwar,,Jammu And Kashmir(State),KHT,9,18,Not Covered,,,,
253,1,Jammu And Kashmir(State),622,Kulgam,KULGAM,Jammu And Kashmir(State),KLG,,15,Not Covered,,,,
254,1,Jammu And Kashmir(State),8,Kupwara,KUPWARA,Jammu And Kashmir(State),KPW,1,1,Not Covered,,,,
255,1,Jammu And Kashmir(State),10,Poonch,POONCH,Jammu And Kashmir(State),PNC,11,5,Not Covered,,,,
256,1,Jammu And Kashmir(State),11,Pulwama,PULWAMA,Jammu And Kashmir(State),PLW,5,12,Not Covered,,,,
257,1,Jammu And Kashmir(State),12,Rajouri,RAJOURI,Jammu And Kashmir(State),RJR,12,6,Not Covered,,,,
258,1,Jammu And Kashmir(State),621,Ramban,RAMBAN,Jammu And Kashmir(State),RMB,9,17,Not Covered,,,,
259,1,Jammu And Kashmir(State),627,Reasi,REASI,Jammu And Kashmir(State),REA,,20,Not Covered,,,,
260,1,Jammu And Kashmir(State),624,Samba,SAMBA,Jammu And Kashmir(State),SAM,,22,Not Covered,,,,
261,1,Jammu And Kashmir(State),625,Shopian,SHOPIAN,Jammu And Kashmir(State),SPN,,13,Not Covered,,,,
262,1,Jammu And Kashmir(State),13,Srinagar,SRINAGAR,Jammu And Kashmir(State),SRN,3,10,Not Covered,,,,
263,1,Jammu And Kashmir(State),14,Udhampur,UDHAMPUR,Jammu And Kashmir(State),UDM,10,19,Not Covered,,,,
264,20,Jharkhand(State),322,Bokaro,बोकारो,Jharkhand(State),BKR,13,355,Not Covered,,,,
265,20,Jharkhand(State),323,Chatra,चतरा,Jharkhand(State),CHT,3,347,Not Covered,,,,
266,20,Jharkhand(State),324,Deoghar,देवघर,Jharkhand(State),DGH,7,350,Not Covered,,,,
267,20,Jharkhand(State),325,Dhanbad,धनबाद,Jharkhand(State),DHN,12,354,Not Covered,,,,
268,20,Jharkhand(State),326,Dumka,दुमका,Jharkhand(State),DMK,11,362,Not Covered,,,,
269,20,Jharkhand(State),327,East Singhbum,पूर्वी सिंघभूम,Jharkhand(State),ESM,18,357,Not Covered,,,,
270,20,Jharkhand(State),328,Garhwa,गढ़वा,Jharkhand(State),GRH,1,346,Not Covered,,,,
271,20,Jharkhand(State),329,Giridih,गिरिडीह,Jharkhand(State),GIR,6,349,Not Covered,,,,
272,20,Jharkhand(State),330,Godda,गोड्डा,Jharkhand(State),GDD,8,351,Not Covered,,,,
273,20,Jharkhand(State),331,Gumla,गुमला,Jharkhand(State),GML,16,366,Not Covered,,,,
274,20,Jharkhand(State),332,Hazaribagh,हज़ारीबाग,Jharkhand(State),HZR,4,360,Not Covered,,,,
275,20,Jharkhand(State),333,Jamtara,जामताड़ा,Jharkhand(State),JMT,20,363,Not Covered,,,,
276,20,Jharkhand(State),606,Khunti,खूंटी,Jharkhand(State),KNT,14,365,Not Covered,,,,
277,20,Jharkhand(State),334,Koderma,कोडरमा,Jharkhand(State),KDR,5,348,Not Covered,,,,
278,20,Jharkhand(State),335,Latehar,लातेहार,Jharkhand(State),LTH,2,359,Not Covered,,,,
279,20,Jharkhand(State),336,Lohardaga,लोहरदगा,Jharkhand(State),LHR,15,356,Not Covered,,,,
280,20,Jharkhand(State),337,Pakur,पाकुर,Jharkhand(State),PKR,10,353,Not Covered,,,,
281,20,Jharkhand(State),338,Palamu,पलामू,Jharkhand(State),PLM,2,358,Not Covered,,,,
282,20,Jharkhand(State),607,Ramgarh,रामगढ़,Jharkhand(State),RMG,4,361,Not Covered,,,,
283,20,Jharkhand(State),339,Ranchi,रांची,Jharkhand(State),RNC,14,364,Not Covered,,,,
284,20,Jharkhand(State),340,Sahebganj,साहेबगंज,Jharkhand(State),SGJ,9,352,Not Covered,,,,
285,20,Jharkhand(State),341,Saraikela Kharsawan,सरायकेला खरसावां,Jharkhand(State),SKH,17,369,Not Covered,,,,
286,20,Jharkhand(State),342,Simdega,सिमडेगा,Jharkhand(State),SMG,21,367,Not Covered,,,,
287,20,Jharkhand(State),343,West Singhbhum,पश्चिमी सिंघभूम,Jharkhand(State),WSM,17,368,Not Covered,,,,
288,29,Karnataka(State),524,Bagalkote,ಬಾಗಲಕೋಟೆ,Karnataka(State),BAG,2,556,Not Covered,,,,
289,29,Karnataka(State),528,Ballari,ಬಳ್ಳಾರಿ,Karnataka(State),BLL,12,565,Not Covered,,,,
290,29,Karnataka(State),527,Belagavi,ಬೆಳಗಾವಿ,Karnataka(State),BLG,1,555,Not Covered,,,,
291,29,Karnataka(State),526,Bengaluru Rural,ಬೆಂಗಳೂರು ಗ್ರಾಮಾಂತರ,Karnataka(State),BRR,21,583,Not Covered,,,,
292,29,Karnataka(State),631,Bengaluru South,ಬೆಂಗಳೂರು ದಕ್ಷಿಣ,Karnataka(State),RAM,21,584,Not Covered,,,,
293,29,Karnataka(State),525,Bengaluru Urban,ಬೆಂಗಳೂರು,Karnataka(State),BUR,20,572,Not Covered,,,,
294,29,Karnataka(State),529,Bidar,ಬೀದರ್‌,Karnataka(State),BDR,5,558,Not Covered,,,,
295,29,Karnataka(State),531,Chamarajanagar,ಚಾಮರಾಜನಗರ,Karnataka(State),CHJ,27,578,Not Covered,,,,
296,29,Karnataka(State),630,Chikkaballapura,ಚಿಕ್ಕಬಳ್ಳಾಪುರ,Karnataka(State),CHB,19,582,Not Covered,,,,
297,29,Karnataka(State),532,Chikkamagaluru,ಚಿಕ್ಕಮಗಳೂರು,Karnataka(State),CKM,17,570,Not Covered,,,,
298,29,Karnataka(State),533,Chitradurga,ಚಿತ್ರದುರ್ಗ,Karnataka(State),CTR,13,566,Not Covered,,,,
299,29,Karnataka(State),534,Dakshina Kannada,ದಕ್ಷಿಣ ಕನ್ನಡ,Karnataka(State),DKD,24,575,Not Covered,,,,
300,29,Karnataka(State),535,Davanagere,ದಾವಣಗೆರೆ,Karnataka(State),DAV,14,567,Not Covered,,,,
301,29,Karnataka(State),536,Dharwad,ಧಾರವಾಡ,Karnataka(State),DRW,9,562,Not Covered,,,,
302,29,Karnataka(State),537,Gadag,ಗದಗ,Karnataka(State),GDG,8,561,Not Covered,,,,
303,29,Karnataka(State),539,Hassan,ಹಾಸನ,Karnataka(State),HAS,23,574,Not Covered,,,,
304,29,Karnataka(State),540,Haveri,ಹಾವೇರಿ,Karnataka(State),HAV,11,564,Not Covered,,,,
305,29,Karnataka(State),538,Kalaburagi,ಕಲಬುರಗಿ,Karnataka(State),KLB,4,579,Not Covered,,,,
306,29,Karnataka(State),541,Kodagu,ಕೊಡಗು,Karnataka(State),KDG,25,576,Not Covered,,,,
307,29,Karnataka(State),542,Kolar,ಕೋಲಾರ,Karnataka(State),KLR,19,581,Not Covered,,,,
308,29,Karnataka(State),543,Koppal,ಕೊಪ್ಪಳ,Karnataka(State),KPL,7,560,Not Covered,,,,
309,29,Karnataka(State),544,Mandya,ಮಂಡ್ಯ,Karnataka(State),MDY,22,573,Not Covered,,,,
310,29,Karnataka(State),545,Mysuru,ಮೈಸೂರು,Karnataka(State),MYS,26,577,Not Covered,,,,
311,29,Karnataka(State),546,Raichur,ರಾಯಚೂರು,Karnataka(State),RCH,6,559,Not Covered,,,,
312,29,Karnataka(State),547,Shivamogga,ಶಿವಮೊಗ್ಗ,Karnataka(State),SVM,15,568,Not Covered,,,,
313,29,Karnataka(State),548,Tumakuru,ತುಮಕೂರು,Karnataka(State),TMK,18,571,Not Covered,,,,
314,29,Karnataka(State),549,Udupi,ಉಡುಪಿ,Karnataka(State),UDU,16,569,Not Covered,,,,
315,29,Karnataka(State),550,Uttara Kannada,ಉತ್ತರ ಕನ್ನಡ,Karnataka(State),UKD,10,563,Not Covered,,,,
316,29,Karnataka(State),738,Vijayanagara,vijayangara,Karnataka(State),VJY,,0,Not Covered,,,,
317,29,Karnataka(State),530,Vijayapura,ವಿಜಯಾಪುರ,Karnataka(State),VJP,3,557,Not Covered,,,,
318,29,Karnataka(State),635,Yadgir,ಯಾದಗಿರಿ,Karnataka(State),YDG,4,580,Not Covered,,,,
319,32,Kerala(State),554,Alappuzha,ആലപ്പുഴ,Kerala(State),ALZ,11,598,Not Covered,,,,
320,32,Kerala(State),555,Ernakulam,എറണാകുളം,Kerala(State),ERN,8,595,Not Covered,,,,
321,32,Kerala(State),556,Idukki,ഇടുക്കി,Kerala(State),IDK,9,596,Not Covered,,,,
322,32,Kerala(State),557,Kannur,കണ്ണൂര്‍,Kerala(State),KNU,2,589,Not Covered,,,,
323,32,Kerala(State),558,Kasaragod,കാസര്‍കോഡ്,Kerala(State),KSR,1,588,Not Covered,,,,
324,32,Kerala(State),559,Kollam,കൊല്ലം,Kerala(State),KLM,13,600,Not Covered,,,,
325,32,Kerala(State),560,Kottayam,കോട്ടയം,Kerala(State),KTM,10,597,Not Covered,,,,
326,32,Kerala(State),561,Kozhikode,കോഴിക്കോട്,Kerala(State),KOZ,4,591,Not Covered,,,,
327,32,Kerala(State),562,Malappuram,മലപ്പുറം,Kerala(State),MLP,5,592,Not Covered,,,,
328,32,Kerala(State),563,Palakkad,പാലക്കാട്,Kerala(State),PLK,6,593,Not Covered,,,,
329,32,Kerala(State),564,Pathanamthitta,പത്തനംതിട്ട,Kerala(State),PTT,12,599,Not Covered,,,,
330,32,Kerala(State),565,Thiruvananthapuram,തിരുവനന്തപുരം,Kerala(State),TVP,14,601,Not Covered,,,,
331,32,Kerala(State),566,Thrissur,തൃശ്ശൂര്‍,Kerala(State),TSR,7,594,Not Covered,,,,
332,32,Kerala(State),567,Wayanad,വയനാട്,Kerala(State),WAY,3,590,Not Covered,,,,
333,37,Ladakh(State),6,Kargil,KARGIL,Ladakh(State),KRG,8,4,Not Covered,,,,
334,37,Ladakh(State),9,Leh Ladakh,LEH LADAKH,Ladakh(State),LLD,7,3,Not Covered,,,,
335,31,Lakshadweep(State),553,Lakshadweep District,LAKSHADWEEP DISTRICT,Lakshadweep(State),LKS,1,587,Not Covered,,,,
336,23,Madhya Pradesh(State),667,Agar-Malwa,आगर-मालवा,Madhya Pradesh(State),AGM,,0,Not Covered,,,,
337,23,Madhya Pradesh(State),639,Alirajpur,अलीराजपुर,Madhya Pradesh(State),ALI,24,465,Partially Covered,,,,
338,23,Madhya Pradesh(State),390,Anuppur,अनूपपुर,Madhya Pradesh(State),ANP,16,461,Not Covered,,,,
339,23,Madhya Pradesh(State),391,Ashoknagar,अशोकनगर,Madhya Pradesh(State),ANR,46,459,Not Covered,,,,
340,23,Madhya Pradesh(State),392,Balaghat,बालाघाट,Madhya Pradesh(State),BGT,45,457,Not Covered,,,,
341,23,Madhya Pradesh(State),393,Barwani,बड़वानी,Madhya Pradesh(State),BRW,28,441,Partially Covered,,,,
342,23,Madhya Pradesh(State),394,Betul,बैतूल,Madhya Pradesh(State),BTL,35,447,Not Covered,,,,
343,23,Madhya Pradesh(State),395,Bhind,भिण्ड,Madhya Pradesh(State),BHN,3,420,Not Covered,,,,
344,23,Madhya Pradesh(State),396,Bhopal,भोपाल,Madhya Pradesh(State),BHP,32,444,Not Covered,,,,
345,23,Madhya Pradesh(State),397,Burhanpur,बुरहानपुर,Madhya Pradesh(State),BRH,29,467,Not Covered,,,,
346,23,Madhya Pradesh(State),398,Chhatarpur,छ्तरपुर,Madhya Pradesh(State),CRP,9,425,Not Covered,,,,
347,23,Madhya Pradesh(State),399,Chhindwara,छिन्दवाड़ा,Madhya Pradesh(State),CDW,43,455,Not Covered,,,,
348,23,Madhya Pradesh(State),400,Damoh,दमोह,Madhya Pradesh(State),DMH,12,428,Not Covered,,,,
349,23,Madhya Pradesh(State),401,Datia,दतिया,Madhya Pradesh(State),DAT,5,422,Not Covered,,,,
350,23,Madhya Pradesh(State),402,Dewas,देवास,Madhya Pradesh(State),DWS,23,437,Not Covered,,,,
351,23,Madhya Pradesh(State),403,Dhar,धार,Madhya Pradesh(State),DHA,25,438,Not Covered,,,,
352,23,Madhya Pradesh(State),404,Dindori,डिंडोरी,Madhya Pradesh(State),DND,41,453,Partially Covered,,,,
353,23,Madhya Pradesh(State),406,Guna,गुना,Madhya Pradesh(State),GUN,7,458,Not Covered,,,,
354,23,Madhya Pradesh(State),407,Gwalior,ग्वालियर,Madhya Pradesh(State),GWL,4,421,Not Covered,,,,
355,23,Madhya Pradesh(State),408,Harda,हरदा,Madhya Pradesh(State),HDA,36,448,Not Covered,,,,
356,23,Madhya Pradesh(State),410,Indore,इन्दौर,Madhya Pradesh(State),IND,26,439,Not Covered,,,,
357,23,Madhya Pradesh(State),411,Jabalpur,जबलपुर,Madhya Pradesh(State),JBL,39,451,Not Covered,,,,
358,23,Madhya Pradesh(State),412,Jhabua,झाबुआ,Madhya Pradesh(State),JHA,24,464,Partially Covered,,,,
359,23,Madhya Pradesh(State),413,Katni,कटनी,Madhya Pradesh(State),KTN,38,450,Not Covered,,,,
360,23,Madhya Pradesh(State),405,Khandwa (East Nimar),खण्डवा (पूर्व निमाड़),Madhya Pradesh(State),ENR,29,466,Not Covered,,,,
361,23,Madhya Pradesh(State),414,Khargone (West Nimar),खरगोन (पश्चिम निमाड़),Madhya Pradesh(State),KHA,27,440,Not Covered,,,,
362,23,Madhya Pradesh(State),784,Maihar,मैहर,Madhya Pradesh(State),MHR,,,Not Covered,,,,
363,23,Madhya Pradesh(State),415,Mandla,मंडला,Madhya Pradesh(State),MDL,42,454,Partially Covered,,,,
364,23,Madhya Pradesh(State),416,Mandsaur,मन्दसौर,Madhya Pradesh(State),MAN,19,433,Not Covered,,,,
365,23,Madhya Pradesh(State),766,MAUGANJ,मऊगंज,Madhya Pradesh(State),MGJ,,,Not Covered,,,,
366,23,Madhya Pradesh(State),417,Morena,मुरैना,Madhya Pradesh(State),MRN,2,419,Not Covered,,,,
367,23,Madhya Pradesh(State),409,Narmadapuram,नर्मदापुरम,Madhya Pradesh(State),HSH,37,449,Not Covered,,,,
368,23,Madhya Pradesh(State),418,Narsimhapur,नरसिंहपुर,Madhya Pradesh(State),NRS,40,452,Not Covered,,,,
369,23,Madhya Pradesh(State),419,Neemuch,नीमच,Madhya Pradesh(State),NMC,18,432,Not Covered,,,,
370,23,Madhya Pradesh(State),722,Niwari,निवारी,Madhya Pradesh(State),NWR,,0,Not Covered,,,,
371,23,Madhya Pradesh(State),785,Pandhurna,पांढुर्णा,Madhya Pradesh(State),PND,,,Not Covered,,,,
372,23,Madhya Pradesh(State),420,Panna,पन्ना,Madhya Pradesh(State),PNN,10,426,Not Covered,,,,
373,23,Madhya Pradesh(State),421,Raisen,रायसेन,Madhya Pradesh(State),RSN,34,446,Not Covered,,,,
374,23,Madhya Pradesh(State),422,Rajgarh,राजगढ़,Madhya Pradesh(State),RJG,30,442,Not Covered,,,,
375,23,Madhya Pradesh(State),423,Ratlam,रतलाम,Madhya Pradesh(State),RTL,20,434,Not Covered,,,,
376,23,Madhya Pradesh(State),424,Rewa,रीवा,Madhya Pradesh(State),REW,14,430,Not Covered,,,,
377,23,Madhya Pradesh(State),425,Sagar,सागर,Madhya Pradesh(State),SGR,11,427,Not Covered,,,,
378,23,Madhya Pradesh(State),426,Satna,सतना,Madhya Pradesh(State),STN,13,429,Not Covered,,,,
379,23,Madhya Pradesh(State),427,Sehore,सीहोर,Madhya Pradesh(State),SEH,33,445,Not Covered,,,,
380,23,Madhya Pradesh(State),428,Seoni,सिवनी,Madhya Pradesh(State),SEO,44,456,Not Covered,,,,
381,23,Madhya Pradesh(State),429,Shahdol,शहडोल,Madhya Pradesh(State),SHD,16,460,Not Covered,,,,
382,23,Madhya Pradesh(State),430,Shajapur,शाजापुर,Madhya Pradesh(State),SJR,22,436,Not Covered,,,,
383,23,Madhya Pradesh(State),431,Sheopur,श्योपुर,Madhya Pradesh(State),SHP,1,418,Not Covered,,,,
384,23,Madhya Pradesh(State),432,Shivpuri,शिवपुरी,Madhya Pradesh(State),SVP,6,423,Not Covered,,,,
385,23,Madhya Pradesh(State),433,Sidhi,सीधी,Madhya Pradesh(State),SDH,17,462,Not Covered,,,,
386,23,Madhya Pradesh(State),638,Singrauli,सिंगरौली,Madhya Pradesh(State),SGL,,463,Not Covered,,,,
387,23,Madhya Pradesh(State),434,Tikamgarh,टीकमगढ़,Madhya Pradesh(State),TKM,8,424,Not Covered,,,,
388,23,Madhya Pradesh(State),435,Ujjain,उज्जैन,Madhya Pradesh(State),UJJ,21,435,Not Covered,,,,
389,23,Madhya Pradesh(State),436,Umaria,उमरिया,Madhya Pradesh(State),UMA,15,431,Not Covered,,,,
390,23,Madhya Pradesh(State),437,Vidisha,विदिशा,Madhya Pradesh(State),VID,31,443,Not Covered,,,,
391,27,Maharashtra(State),466,Ahilyanagar,अहिल्यानगर,Maharashtra(State),AHN,26,522,Not Covered,,,,
392,27,Maharashtra(State),467,Akola,अकोला,Maharashtra(State),AKO,5,501,Not Covered,,,,
393,27,Maharashtra(State),468,Amravati,अमरावती,Maharashtra(State),AMV,7,503,Not Covered,,,,
394,27,Maharashtra(State),470,Beed,बीड,Maharashtra(State),BEE,27,523,Not Covered,,,,
395,27,Maharashtra(State),471,Bhandara,भंडारा,Maharashtra(State),BHA,10,506,Not Covered,,,,
396,27,Maharashtra(State),472,Buldhana,बुलढाणा,Maharashtra(State),BUL,4,500,Not Covered,,,,
397,27,Maharashtra(State),473,Chandrapur,चंद्रपूर,Maharashtra(State),CPR,13,509,Partially Covered,,,,
398,27,Maharashtra(State),469,Chhatrapati Sambhajinagar,छत्रपती संभाजीनगर,Maharashtra(State),AUR,19,515,Not Covered,,,,
399,27,Maharashtra(State),488,Dharashiv,धाराशिव,Maharashtra(State),OSM,29,525,Not Covered,,,,
400,27,Maharashtra(State),474,Dhule,धुळे,Maharashtra(State),DHU,2,498,Not Covered,,,,
401,27,Maharashtra(State),475,Gadchiroli,गडचिरोली,Maharashtra(State),GDC,12,508,Not Covered,,,,
402,27,Maharashtra(State),476,Gondia,गोंदीया,Maharashtra(State),GON,11,507,Not Covered,,,,
403,27,Maharashtra(State),477,Hingoli,हिंगोली,Maharashtra(State),HIN,16,512,Not Covered,,,,
404,27,Maharashtra(State),478,Jalgaon,जळगाव,Maharashtra(State),JLG,3,499,Partially Covered,,,,
405,27,Maharashtra(State),479,Jalna,जालना,Maharashtra(State),JAL,18,514,Not Covered,,,,
406,27,Maharashtra(State),480,Kolhapur,कोल्हापूर,Maharashtra(State),KLP,34,530,Not Covered,,,,
407,27,Maharashtra(State),481,Latur,लातूर,Maharashtra(State),LTR,28,524,Not Covered,,,,
408,27,Maharashtra(State),482,Mumbai,मुंबई,Maharashtra(State),MMB,23,519,Not Covered,,,,
409,27,Maharashtra(State),483,Mumbai Suburban,मुंबई उपनगर,Maharashtra(State),MMS,22,518,Not Covered,,,,
410,27,Maharashtra(State),484,Nagpur,नागपूर,Maharashtra(State),NGP,9,505,Not Covered,,,,
411,27,Maharashtra(State),485,Nanded,नांदेड,Maharashtra(State),NAN,15,511,Not Covered,,,,
412,27,Maharashtra(State),486,Nandurbar,नंदूरबार,Maharashtra(State),NNR,1,497,Not Covered,,,,
413,27,Maharashtra(State),487,Nashik,नाशिक,Maharashtra(State),NSH,20,516,Not Covered,,,,
414,27,Maharashtra(State),665,Palghar,पालघर,Maharashtra(State),PLG,,0,Not Covered,,,,
415,27,Maharashtra(State),489,Parbhani,परभणी,Maharashtra(State),PBN,17,513,Not Covered,,,,
416,27,Maharashtra(State),490,Pune,पुणे,Maharashtra(State),PUN,25,521,Not Covered,,,,
417,27,Maharashtra(State),491,Raigad,रायगड,Maharashtra(State),RGD,24,520,Not Covered,,,,
418,27,Maharashtra(State),492,Ratnagiri,रत्नागिरी,Maharashtra(State),RTN,32,528,Not Covered,,,,
419,27,Maharashtra(State),493,Sangli,सांगली,Maharashtra(State),SNG,35,531,Not Covered,,,,
420,27,Maharashtra(State),494,Satara,सातारा,Maharashtra(State),SAT,31,527,Not Covered,,,,
421,27,Maharashtra(State),495,Sindhudurg,सिंधुदुर्ग,Maharashtra(State),SIN,33,529,Not Covered,,,,
422,27,Maharashtra(State),496,Solapur,सोलापूर,Maharashtra(State),SOL,30,526,Not Covered,,,,
423,27,Maharashtra(State),497,Thane,ठाणे,Maharashtra(State),THN,21,517,Not Covered,,,,
424,27,Maharashtra(State),498,Wardha,वर्धा,Maharashtra(State),WRD,8,504,Not Covered,,,,
425,27,Maharashtra(State),499,Washim,वाशिम,Maharashtra(State),WSH,6,502,Not Covered,,,,
426,27,Maharashtra(State),500,Yavatmal,यवतमाळ,Maharashtra(State),YVT,14,510,Not Covered,,,,
427,14,Manipur(State),252,Bishnupur,BISHNUPUR,Manipur(State),BSH,4,275,Not Covered,,,,
428,14,Manipur(State),253,Chandel,CHANDEL,Manipur(State),CHA,9,280,Not Covered,,,,
429,14,Manipur(State),254,Churachandpur,CHURACHANDPUR,Manipur(State),CHC,3,274,Not Covered,,,,
430,14,Manipur(State),255,Imphal East,IMPHAL EAST,Manipur(State),IME,7,278,Not Covered,,,,
431,14,Manipur(State),256,Imphal West,IMPHAL WEST,Manipur(State),IMW,6,277,Not Covered,,,,
432,14,Manipur(State),713,Jiribam,,Manipur(State),JRB,,0,Not Covered,,,,
433,14,Manipur(State),711,Kakching,,Manipur(State),KKC,,0,Not Covered,,,,
434,14,Manipur(State),717,Kamjong,,Manipur(State),KMJ,,0,Not Covered,,,,
435,14,Manipur(State),712,Kangpokpi,,Manipur(State),KNP,,0,Not Covered,,,,
436,14,Manipur(State),714,Noney,NONEY,Manipur(State),NNY,,0,Not Covered,,,,
437,14,Manipur(State),715,Pherzawl,,Manipur(State),PHR,,0,Not Covered,,,,
438,14,Manipur(State),257,Senapati,SENAPATI,Manipur(State),SNT,1,272,Not Covered,,,,
439,14,Manipur(State),258,Tamenglong,TAMENGLONG,Manipur(State),TMN,2,273,Not Covered,,,,
440,14,Manipur(State),716,Tengnoupal,TENGNOUPAL,Manipur(State),TNG,,0,Not Covered,,,,
441,14,Manipur(State),259,Thoubal,THOUBAL,Manipur(State),THB,5,276,Not Covered,,,,
442,14,Manipur(State),260,Ukhrul,UKHRUL,Manipur(State),UKH,8,279,Not Covered,,,,
443,17,Meghalaya(State),740,Eastern West Khasi Hills,,Meghalaya(State),EWK,,0,Not Covered,,,,
444,17,Meghalaya(State),273,East Garo Hills,EAST GARO HILLS,Meghalaya(State),EGH,2,294,Not Covered,,,,
445,17,Meghalaya(State),657,East Jaintia Hills,EAST JAINTIA HILLS,Meghalaya(State),EJH,,0,Not Covered,,,,
446,17,Meghalaya(State),274,East Khasi Hills,EAST KHASI HILLS,Meghalaya(State),EKH,6,298,Not Covered,,,,
447,17,Meghalaya(State),656,North Garo Hills,NORTH GARO HILLS,Meghalaya(State),NGH,,0,Not Covered,,,,
448,17,Meghalaya(State),276,Ri Bhoi,RI BHOI,Meghalaya(State),RGH,5,297,Not Covered,,,,
449,17,Meghalaya(State),277,South Garo Hills,SOUTH GARO HILLS,Meghalaya(State),SGH,3,295,Not Covered,,,,
450,17,Meghalaya(State),663,South West Garo Hills,SOUTH WEST GARO HILLS,Meghalaya(State),SWG,,0,Not Covered,,,,
451,17,Meghalaya(State),658,South West Khasi Hills,SOUTH WEST KHASI HILLS,Meghalaya(State),SWK,,0,Not Covered,,,,
452,17,Meghalaya(State),278,West Garo Hills,WEST GARO HILLS,Meghalaya(State),WGH,1,293,Not Covered,,,,
453,17,Meghalaya(State),275,West Jaintia Hills,WEST JAINTIA HILLS,Meghalaya(State),WJH,7,299,Not Covered,,,,
454,17,Meghalaya(State),279,West Khasi Hills,WEST KHASI HILLS,Meghalaya(State),WKA,4,296,Not Covered,,,,
455,15,Mizoram(State),261,Aizawl,AIZAWL,Mizoram(State),AIZ,3,283,Not Covered,,,,
456,15,Mizoram(State),262,Champhai,CHAMPHAI,Mizoram(State),CPH,4,284,Not Covered,,,,
457,15,Mizoram(State),726,Hnahthial,,Mizoram(State),HNH,,0,Not Covered,,,,
458,15,Mizoram(State),728,Khawzawl,KHAWZAWL,Mizoram(State),KHW,,0,Not Covered,,,,
459,15,Mizoram(State),263,Kolasib,KOLASIB,Mizoram(State),KLS,2,282,Not Covered,,,,
460,15,Mizoram(State),264,Lawngtlai,LAWNGTLAI,Mizoram(State),LWN,7,287,Not Covered,,,,
461,15,Mizoram(State),265,Lunglei,LUNGLEI,Mizoram(State),LNG,6,286,Not Covered,,,,
462,15,Mizoram(State),266,Mamit,MAMIT,Mizoram(State),MMT,1,281,Not Covered,,,,
463,15,Mizoram(State),727,Saitual,SAITUAL,Mizoram(State),STL,,0,Not Covered,,,,
464,15,Mizoram(State),268,Serchhip,SERCHHIP,Mizoram(State),SER,5,285,Not Covered,,,,
465,15,Mizoram(State),267,Siaha,Siaha,Mizoram(State),SAI,8,288,Not Covered,,,,
466,13,Nagaland(State),758,Chumoukedima,Chumoukedima,Nagaland(State),CKD,,0,Not Covered,,,,
467,13,Nagaland(State),244,Dimapur,DIMAPUR,Nagaland(State),DMP,6,265,Not Covered,,,,
468,13,Nagaland(State),614,Kiphire,,Nagaland(State),KIP,2,269,Not Covered,,,,
469,13,Nagaland(State),245,Kohima,KOHIMA,Nagaland(State),KHM,7,270,Not Covered,,,,
470,13,Nagaland(State),615,Longleng,,Nagaland(State),LLG,2,268,Not Covered,,,,
471,13,Nagaland(State),788,Meluri,Meluri,Nagaland(State),,,,Not Covered,,,,
472,13,Nagaland(State),246,Mokokchung,MOKOKCHUNG,Nagaland(State),MKK,3,262,Not Covered,,,,
473,13,Nagaland(State),247,Mon,MON,Nagaland(State),MON,1,261,Not Covered,,,,
474,13,Nagaland(State),764,Niuland,Niuland,Nagaland(State),NLN,,0,Not Covered,,,,
475,13,Nagaland(State),736,Noklak,Noklak,Nagaland(State),NKL,,0,Not Covered,,,,
476,13,Nagaland(State),613,Peren,,Nagaland(State),PER,7,271,Not Covered,,,,
477,13,Nagaland(State),248,Phek,PHEK,Nagaland(State),PHK,8,266,Not Covered,,,,
478,13,Nagaland(State),765,Shamator,Shamator,Nagaland(State),SMR,,0,Not Covered,,,,
479,13,Nagaland(State),757,Tseminyu,Tseminyu,Nagaland(State),TSM,,0,Not Covered,,,,
480,13,Nagaland(State),249,Tuensang,TUENSANG,Nagaland(State),TNS,2,267,Not Covered,,,,
481,13,Nagaland(State),250,Wokha,WOKHA,Nagaland(State),WKH,5,264,Not Covered,,,,
482,13,Nagaland(State),251,Zunheboto,ZUNHEBOTO,Nagaland(State),ZNH,4,263,Not Covered,,,,
483,21,Odisha(State),344,Anugul,ANUGUL,Odisha(State),ANU,15,384,Not Covered,,,,
484,21,Odisha(State),345,Balangir,BALANGIR,Odisha(State),BLN,24,393,Not Covered,,,,
485,21,Odisha(State),346,Baleshwar,BALESHWAR,Odisha(State),BLW,8,377,Not Covered,,,,
486,21,Odisha(State),347,Bargarh,BARGARH,Odisha(State),BRG,1,370,Not Covered,,,,
487,21,Odisha(State),348,Bhadrak,BHADRAK,Odisha(State),BDK,9,378,Not Covered,,,,
488,21,Odisha(State),349,Boudh,BOUDH,Odisha(State),BDH,22,391,Not Covered,,,,
489,21,Odisha(State),350,Cuttack,CUTTACK,Odisha(State),CTT,12,381,Not Covered,,,,
490,21,Odisha(State),351,Deogarh,DEOGARH,Odisha(State),DGR,4,373,Not Covered,,,,
491,21,Odisha(State),352,Dhenkanal,DHENKANAL,Odisha(State),DHK,14,383,Not Covered,,,,
492,21,Odisha(State),353,Gajapati,GAJAPATI,Odisha(State),GJP,20,389,Not Covered,,,,
493,21,Odisha(State),354,Ganjam,GANJAM,Odisha(State),GNJ,19,388,Not Covered,,,,
494,21,Odisha(State),355,Jagatsinghapur,JAGATSINGHAPUR,Odisha(State),JGT,11,380,Not Covered,,,,
495,21,Odisha(State),356,Jajapur,JAJAPUR,Odisha(State),JJP,13,382,Not Covered,,,,
496,21,Odisha(State),357,Jharsuguda,JHARSUGUDA,Odisha(State),JHR,2,371,Not Covered,,,,
497,21,Odisha(State),358,Kalahandi,KALAHANDI,Odisha(State),KLH,26,395,Not Covered,,,,
498,21,Odisha(State),359,Kandhamal,KANDHAMAL,Odisha(State),KNM,21,390,Not Covered,,,,
499,21,Odisha(State),360,Kendrapara,KENDRAPARA,Odisha(State),KND,10,379,Not Covered,,,,
500,21,Odisha(State),361,Kendujhar,KENDUJHAR,Odisha(State),KNH,6,375,Not Covered,,,,
501,21,Odisha(State),362,Khordha,KHORDHA,Odisha(State),KHD,17,386,Not Covered,,,,
502,21,Odisha(State),363,Koraput,KORAPUT,Odisha(State),KRP,29,398,Fully Covered,,,,
503,21,Odisha(State),364,Malkangiri,MALKANGIRI,Odisha(State),MLK,30,399,Fully Covered,,,,
504,21,Odisha(State),365,Mayurbhanj,MAYURBHANJ,Odisha(State),MYR,7,376,Fully Covered,,,,
505,21,Odisha(State),366,Nabarangpur,NABARANGPUR,Odisha(State),NBR,28,397,Fully Covered,,,,
506,21,Odisha(State),367,Nayagarh,NAYAGARH,Odisha(State),NYG,16,385,Not Covered,,,,
507,21,Odisha(State),368,Nuapada,NUAPADA,Odisha(State),NPD,25,394,Not Covered,,,,
508,21,Odisha(State),369,Puri,PURI,Odisha(State),PUR,18,387,Not Covered,,,,
509,21,Odisha(State),370,Rayagada,RAYAGADA,Odisha(State),RYG,27,396,Fully Covered,,,,
510,21,Odisha(State),371,Sambalpur,SAMBALPUR,Odisha(State),SMB,3,372,Not Covered,,,,
511,21,Odisha(State),372,Sonepur,SONEPUR,Odisha(State),SNE,23,392,Not Covered,,,,
512,21,Odisha(State),373,Sundargarh,SUNDARGARH,Odisha(State),SDG,5,374,Fully Covered,,,,
513,34,Puducherry(State),598,Karaikal,காரைக்கால்,Puducherry(State),KKL,4,637,Not Covered,,,,
514,34,Puducherry(State),600,Puducherry,புதுச்சேரி,Puducherry(State),PON,2,635,Not Covered,,,,
515,3,Punjab(State),27,Amritsar,AMRITSAR,Punjab(State),AMT,2,49,Not Covered,,,,
516,3,Punjab(State),605,Barnala,,Punjab(State),BNL,,54,Not Covered,,,,
517,3,Punjab(State),28,Bathinda,BATHINDA,Punjab(State),BTH,14,46,Not Covered,,,,
518,3,Punjab(State),29,Faridkot,FARIDKOT,Punjab(State),FRD,13,45,Not Covered,,,,
519,3,Punjab(State),30,Fatehgarh Sahib,FATEHGARH SAHIB,Punjab(State),FTG,8,40,Not Covered,,,,
520,3,Punjab(State),651,Fazilka,,Punjab(State),FAZ,,0,Not Covered,,,,
521,3,Punjab(State),31,Ferozepur,FEROZEPUR,Punjab(State),FRZ,11,43,Not Covered,,,,
522,3,Punjab(State),32,Gurdaspur,GURDASPUR,Punjab(State),GRD,1,35,Not Covered,,,,
523,3,Punjab(State),33,Hoshiarpur,HOSHIARPUR,Punjab(State),HSP,5,38,Not Covered,,,,
524,3,Punjab(State),34,Jalandhar,JALANDHAR,Punjab(State),JLN,4,37,Not Covered,,,,
525,3,Punjab(State),35,Kapurthala,KAPURTHALA,Punjab(State),KPR,3,36,Not Covered,,,,
526,3,Punjab(State),36,Ludhiana,ਲੂਿਧਆਣਾ,Punjab(State),LDH,9,41,Not Covered,,,,
527,3,Punjab(State),737,Malerkotla,,Punjab(State),MLR,,0,Not Covered,,,,
528,3,Punjab(State),37,Mansa,ਮਾਨਸਾ,Punjab(State),MNS,15,47,Not Covered,,,,
529,3,Punjab(State),38,Moga,MOGA,Punjab(State),MOG,10,42,Not Covered,,,,
530,3,Punjab(State),662,Pathankot,PATHANKOT,Punjab(State),PTK,,0,Not Covered,,,,
531,3,Punjab(State),41,Patiala,PATIALA,Punjab(State),PTL,17,48,Not Covered,,,,
532,3,Punjab(State),42,Rupnagar,ਰੂਪਨਗਰ,Punjab(State),RPN,7,51,Not Covered,,,,
533,3,Punjab(State),43,Sangrur,SANGRUR,Punjab(State),SNR,16,53,Not Covered,,,,
534,3,Punjab(State),608,S.A.S Nagar,,Punjab(State),SSR,,52,Not Covered,,,,
535,3,Punjab(State),40,Shahid Bhagat Singh Nagar,Shahid Bhagat Singh Nagar,Punjab(State),NWN,6,39,Not Covered,,,,
536,3,Punjab(State),39,Sri Muktsar Sahib,ਸ੍ਰੀ ਮੁਕਤਸਰ ਸਾਹਿਬ,Punjab(State),SMT,12,44,Not Covered,,,,
537,3,Punjab(State),609,Tarn Taran,tarn taran,Punjab(State),TAR,,50,Not Covered,,,,
538,8,Rajasthan(State),86,Ajmer,AJMER,Rajasthan(State),AJM,21,119,Not Covered,,,,
539,8,Rajasthan(State),87,Alwar,ALWAR,Rajasthan(State),ALW,6,104,Not Covered,,,,
540,8,Rajasthan(State),775,Balotra,बालोतरा,Rajasthan(State),BLT,,,Not Covered,,,,
541,8,Rajasthan(State),88,Banswara,BANSWARA,Rajasthan(State),BNS,28,125,Fully Covered,,,,
542,8,Rajasthan(State),89,Baran,BARAN,Rajasthan(State),BRN,31,128,Not Covered,,,,
543,8,Rajasthan(State),90,Barmer,BARMER,Rajasthan(State),BMR,17,115,Not Covered,,,,
544,8,Rajasthan(State),774,Beawar,ब्‍यावर,Rajasthan(State),BWR,,,Not Covered,,,,
545,8,Rajasthan(State),91,Bharatpur,BHARATPUR,Rajasthan(State),BTR,7,105,Not Covered,,,,
546,8,Rajasthan(State),92,Bhilwara,BHILWARA,Rajasthan(State),BHL,24,122,Not Covered,,,,
547,8,Rajasthan(State),93,Bikaner,BIKANER,Rajasthan(State),BIK,3,101,Not Covered,,,,
548,8,Rajasthan(State),94,Bundi,BUNDI,Rajasthan(State),BND,23,121,Not Covered,,,,
549,8,Rajasthan(State),95,Chittorgarh,CHITTORGARH,Rajasthan(State),CGH,29,126,Not Covered,,,,
550,8,Rajasthan(State),96,Churu,CHURU,Rajasthan(State),CHR,4,102,Not Covered,,,,
551,8,Rajasthan(State),97,Dausa,DAUSA,Rajasthan(State),DAS,11,109,Not Covered,,,,
552,8,Rajasthan(State),767,Deeg,डीग,Rajasthan(State),DEE,,,Not Covered,,,,
553,8,Rajasthan(State),98,Dholpur,DHOLPUR,Rajasthan(State),DLP,8,106,Not Covered,,,,
554,8,Rajasthan(State),768,Didwana-Kuchaman,डीडवाना-कुचामन,Rajasthan(State),DDW,,,Not Covered,,,,
555,8,Rajasthan(State),99,Dungarpur,DUNGARPUR,Rajasthan(State),DNG,27,124,Fully Covered,,,,
556,8,Rajasthan(State),100,Ganganagar,GANGANAGAR,Rajasthan(State),GNG,1,99,Not Covered,,,,
557,8,Rajasthan(State),101,Hanumangarh,HANUMANGARH,Rajasthan(State),HGH,2,100,Not Covered,,,,
558,8,Rajasthan(State),102,Jaipur,JAIPUR,Rajasthan(State),JPR,12,110,Not Covered,,,,
559,8,Rajasthan(State),103,Jaisalmer,JAISALMER,Rajasthan(State),JSL,16,114,Not Covered,,,,
560,8,Rajasthan(State),104,Jalore,JALORE,Rajasthan(State),JLR,18,116,Not Covered,,,,
561,8,Rajasthan(State),105,Jhalawar,JHALAWAR,Rajasthan(State),JHL,32,129,Not Covered,,,,
562,8,Rajasthan(State),106,Jhunjhunu,JHUNJHUNU,Rajasthan(State),JHN,5,103,Not Covered,,,,
563,8,Rajasthan(State),107,Jodhpur,JODHPUR,Rajasthan(State),JDH,15,113,Not Covered,,,,
564,8,Rajasthan(State),108,Karauli,KARAULI,Rajasthan(State),KAR,9,107,Not Covered,,,,
565,8,Rajasthan(State),770,Khairthal-Tijara,खैरथल-तिजारा,Rajasthan(State),KTJ,,,Not Covered,,,,
566,8,Rajasthan(State),109,Kota,KOTA,Rajasthan(State),KOT,30,127,Not Covered,,,,
567,8,Rajasthan(State),782,Kotputli-Behror,कोटपूतली-बहरोड,Rajasthan(State),KTP,,,Not Covered,,,,
568,8,Rajasthan(State),110,Nagaur,NAGAUR,Rajasthan(State),NGR,14,112,Not Covered,,,,
569,8,Rajasthan(State),111,Pali,PALI,Rajasthan(State),PAL,20,118,Not Covered,,,,
570,8,Rajasthan(State),772,Phalodi,फलाैदी,Rajasthan(State),PHL,,,Not Covered,,,,
571,8,Rajasthan(State),629,Pratapgarh,PRATAPGARH,Rajasthan(State),PPG,,131,Partially Covered,,,,
572,8,Rajasthan(State),112,Rajsamand,RAJSAMAND,Rajasthan(State),RJS,25,123,Not Covered,,,,
573,8,Rajasthan(State),777,Salumbar,सलूम्‍बर,Rajasthan(State),SLR,,,Not Covered,,,,
574,8,Rajasthan(State),113,Sawai Madhopur,SAWAI MADHOPUR,Rajasthan(State),SMP,10,108,Not Covered,,,,
575,8,Rajasthan(State),114,Sikar,SIKAR,Rajasthan(State),SKR,13,111,Not Covered,,,,
576,8,Rajasthan(State),115,Sirohi,SIROHI,Rajasthan(State),SRH,19,117,Not Covered,,,,
577,8,Rajasthan(State),116,Tonk,TONK,Rajasthan(State),TNK,22,120,Not Covered,,,,
578,8,Rajasthan(State),117,Udaipur,UDAIPUR,Rajasthan(State),UDP,26,130,Not Covered,,,,
579,11,Sikkim(State),225,Gangtok,Gangtok,Sikkim(State),EDT,4,244,Not Covered,,,,
580,11,Sikkim(State),228,Gyalshing,Gyalshing,Sikkim(State),WDT,2,242,Not Covered,,,,
581,11,Sikkim(State),226,Mangan,Mangan,Sikkim(State),NDT,1,241,Not Covered,,,,
582,11,Sikkim(State),227,Namchi,Namchi,Sikkim(State),SDT,3,243,Not Covered,,,,
583,11,Sikkim(State),741,Pakyong,Pakyong,Sikkim(State),PKY,,0,Not Covered,,,,
584,11,Sikkim(State),742,Soreng,Soreng,Sikkim(State),GNS,,0,Not Covered,,,,
585,33,Tamil Nadu(State),610,Ariyalur,அரியலூர்,Tamil Nadu(State),ARI,17,616,Not Covered,,,,
586,33,Tamil Nadu(State),730,Chengalpattu,செங்கல்பட்டு,Tamil Nadu(State),CGL,,0,Not Covered,,,,
587,33,Tamil Nadu(State),568,Chennai,CHENNAI,Tamil Nadu(State),CHE,2,603,Not Covered,,,,
588,33,Tamil Nadu(State),569,Coimbatore,COIMBATORE,Tamil Nadu(State),CMT,12,632,Not Covered,,,,
589,33,Tamil Nadu(State),570,Cuddalore,CUDDALORE,Tamil Nadu(State),CDL,18,617,Not Covered,,,,
590,33,Tamil Nadu(State),571,Dharmapuri,DHARMAPURI,Tamil Nadu(State),DRM,5,630,Not Covered,,,,
591,33,Tamil Nadu(State),572,Dindigul,DINDIGUL,Tamil Nadu(State),DIN,13,612,Not Covered,,,,
592,33,Tamil Nadu(State),573,Erode,ERODE,Tamil Nadu(State),ERO,10,610,Not Covered,,,,
593,33,Tamil Nadu(State),729,Kallakurichi,கள்ளக்குறிச்சி,Tamil Nadu(State),KLL,,0,Not Covered,,,,
594,33,Tamil Nadu(State),574,Kancheepuram,KANCHIPURAM,Tamil Nadu(State),KCP,3,604,Not Covered,,,,
595,33,Tamil Nadu(State),575,Kanniyakumari,KANNIYAKUMARI,Tamil Nadu(State),KNY,30,629,Not Covered,,,,
596,33,Tamil Nadu(State),576,Karur,KARUR,Tamil Nadu(State),KRR,14,613,Not Covered,,,,
597,33,Tamil Nadu(State),577,Krishnagiri,KRISHNAGIRI,Tamil Nadu(State),KHN,5,631,Not Covered,,,,
598,33,Tamil Nadu(State),578,Madurai,MADURAI,Tamil Nadu(State),MDR,24,623,Not Covered,,,,
599,33,Tamil Nadu(State),735,Mayiladuthurai,,Tamil Nadu(State),MYL,,0,Not Covered,,,,
600,33,Tamil Nadu(State),579,Nagapattinam,NAGAPATTINAM,Tamil Nadu(State),NPM,19,618,Not Covered,,,,
601,33,Tamil Nadu(State),580,Namakkal,NAMAKKAL,Tamil Nadu(State),NMK,9,609,Not Covered,,,,
602,33,Tamil Nadu(State),581,Perambalur,PERAMBALUR,Tamil Nadu(State),PRM,16,615,Not Covered,,,,
603,33,Tamil Nadu(State),582,Pudukkottai,PUDUKKOTTAI,Tamil Nadu(State),PDK,22,621,Not Covered,,,,
604,33,Tamil Nadu(State),583,Ramanathapuram,RAMANATHAPURAM,Tamil Nadu(State),RMN,27,626,Not Covered,,,,
605,33,Tamil Nadu(State),731,Ranipet,ராணிப்பேட்டை,Tamil Nadu(State),RNP,,0,Not Covered,,,,
606,33,Tamil Nadu(State),584,Salem,SALEM,Tamil Nadu(State),SLM,8,608,Not Covered,,,,
607,33,Tamil Nadu(State),585,Sivaganga,SIVAGANGA,Tamil Nadu(State),SGG,23,622,Not Covered,,,,
608,33,Tamil Nadu(State),733,Tenkasi,தென்காசி,Tamil Nadu(State),TKS,,0,Not Covered,,,,
609,33,Tamil Nadu(State),586,Thanjavur,THANJAVUR,Tamil Nadu(State),TJV,21,620,Not Covered,,,,
610,33,Tamil Nadu(State),588,Theni,THENI,Tamil Nadu(State),THE,25,624,Not Covered,,,,
611,33,Tamil Nadu(State),587,The Nilgiris,THE NILGIRIS,Tamil Nadu(State),NIL,11,611,Not Covered,,,,
612,33,Tamil Nadu(State),589,Thiruvallur,THIRUVALLUR,Tamil Nadu(State),TRV,1,602,Not Covered,,,,
613,33,Tamil Nadu(State),590,Thiruvarur,THIRUVARUR,Tamil Nadu(State),TVV,20,619,Not Covered,,,,
614,33,Tamil Nadu(State),594,Thoothukkudi,Thoothukkudi,Tamil Nadu(State),TUT,28,627,Not Covered,,,,
615,33,Tamil Nadu(State),591,Tiruchirappalli,TIRUCHIRAPPALLI,Tamil Nadu(State),TRC,15,614,Not Covered,,,,
616,33,Tamil Nadu(State),592,Tirunelveli,TIRUNELVELI,Tamil Nadu(State),TRN,29,628,Not Covered,,,,
617,33,Tamil Nadu(State),732,Tirupathur,திருப்பத்தூர்,Tamil Nadu(State),TPR,,0,Not Covered,,,,
618,33,Tamil Nadu(State),634,Tiruppur,TIRUPPUR,Tamil Nadu(State),TRR,,633,Not Covered,,,,
619,33,Tamil Nadu(State),593,Tiruvannamalai,TIRUVANNAMALAI,Tamil Nadu(State),TVN,6,606,Not Covered,,,,
620,33,Tamil Nadu(State),595,Vellore,VELLORE,Tamil Nadu(State),VEL,4,605,Not Covered,,,,
621,33,Tamil Nadu(State),596,Viluppuram,VILLUPURAM,Tamil Nadu(State),VIL,7,607,Not Covered,,,,
622,33,Tamil Nadu(State),597,Virudhunagar,VIRUDHUNAGAR,Tamil Nadu(State),VIR,26,625,Not Covered,,,,
623,36,Telangana(State),501,Adilabad,ఆదిలాబాద్,Telangana(State),ADI,1,532,Fully Covered,,,,
624,36,Telangana(State),690,Bhadradri Kothagudem,భద్రాద్రి కొత్తగూడెం,Telangana(State),BHD,,0,Fully Covered,,,,
625,36,Telangana(State),686,Hanumakonda,హనుమకొండ,Telangana(State),WRN,,0,Partially Covered,,,,
626,36,Telangana(State),507,Hyderabad,హైదరాబాద్,Telangana(State),HYD,5,536,Not Covered,,,,
627,36,Telangana(State),681,Jagitial,జగిత్యాల,Telangana(State),JGI,,0,Not Covered,,,,
628,36,Telangana(State),689,Jangoan,జనగాం,Telangana(State),JNN,,0,Partially Covered,,,,
629,36,Telangana(State),687,Jayashankar Bhupalapally,జయశంకర్ భూపాలపల్లి,Telangana(State),JYS,,0,Partially Covered,,,,
630,36,Telangana(State),695,Jogulamba Gadwal,జోగులాంబ గద్వాల,Telangana(State),JGL,,0,Fully Covered,,,,
631,36,Telangana(State),685,Kamareddy,కామారెడ్డి,Telangana(State),KMD,,0,Not Covered,,,,
632,36,Telangana(State),508,Karimnagar,కరీంనగర్,Telangana(State),KRM,3,534,Not Covered,,,,
633,36,Telangana(State),509,Khammam,ఖమ్మం,Telangana(State),KMM,10,541,Fully Covered,,,,
634,36,Telangana(State),699,Kumuram Bheem Asifabad,కుమురం భీమ్ ఆసిఫాబాద్,Telangana(State),KMB,,0,Fully Covered,,,,
635,36,Telangana(State),688,Mahabubabad,మహబుబాబాద్,Telangana(State),MHD,,0,Fully Covered,,,,
636,36,Telangana(State),512,Mahabubnagar,మహబూబ్ నగర్,Telangana(State),MAH,7,538,Partially Covered,,,,
637,36,Telangana(State),684,Mancherial,మంచిర్యాల్,Telangana(State),MNC,,0,Fully Covered,,,,
638,36,Telangana(State),513,Medak,మెదక్,Telangana(State),MDK,4,535,Not Covered,,,,
639,36,Telangana(State),700,Medchal Malkajgiri,మేడ్చల్ మల్కాజిగిరి,Telangana(State),MDC,,0,Not Covered,,,,
640,36,Telangana(State),720,Mulugu,ములుగు,Telangana(State),MLG,,0,Fully Covered,,,,
641,9,Uttar Pradesh(State),124,Baghpat,BAGHPAT,Uttar Pradesh(State),BGP,8,139,Not Covered,,,,
642,9,Uttar Pradesh(State),125,Bahraich,BAHRAICH,Uttar Pradesh(State),BHR,50,180,Not Covered,,,,
643,36,Telangana(State),694,Nagarkurnool,నాగర్ కర్నూల్,Telangana(State),NGK,,0,Fully Covered,,,,
644,36,Telangana(State),514,Nalgonda,నల్గొండ,Telangana(State),NLG,8,539,Not Covered,,,,
645,36,Telangana(State),721,Narayanpet,నారాయణ్ పేట్,Telangana(State),NRN,,0,Fully Covered,,,,
646,36,Telangana(State),680,Nirmal,నిర్మల్,Telangana(State),NRL,,0,Fully Covered,,,,
647,36,Telangana(State),516,Nizamabad,నిజామాబాదు,Telangana(State),NIZ,2,533,Not Covered,,,,
648,36,Telangana(State),682,Peddapalli,పెద్దపల్లి,Telangana(State),PDD,,0,Not Covered,,,,
649,36,Telangana(State),683,Rajanna Sircilla,రాజన్న సిరిసిల్ల,Telangana(State),RJC,,0,Not Covered,,,,
650,36,Telangana(State),518,Ranga Reddy,రంగా రెడ్డి,Telangana(State),RNG,6,537,Not Covered,,,,
651,36,Telangana(State),691,Sangareddy,సంగారెడ్డి,Telangana(State),SND,,0,Not Covered,,,,
652,36,Telangana(State),692,Siddipet,సిద్దిపేట,Telangana(State),SDD,,0,Partially Covered,,,,
653,36,Telangana(State),696,Suryapet,సూర్యాపేట,Telangana(State),SRY,,0,Not Covered,,,,
654,36,Telangana(State),698,Vikarabad,వికారాబాద్,Telangana(State),VKR,,0,Partially Covered,,,,
655,36,Telangana(State),693,Wanaparthy,వనపర్తి,Telangana(State),WNP,,0,Fully Covered,,,,
656,36,Telangana(State),522,Warangal,వరంగల్,Telangana(State),WAR,9,540,Fully Covered,,,,
657,36,Telangana(State),697,Yadadri Bhuvanagiri,యదాద్రి భువనగిరి,Telangana(State),YDD,,0,Not Covered,,,,
658,38,The Dadra And Nagar Haveli And Daman And Diu(State),465,Dadra And Nagar Haveli,DADRA AND NAGAR HAVELI,The Dadra And Nagar Haveli And Daman And Diu(State),DNH,1,496,Not Covered,,,,
659,38,The Dadra And Nagar Haveli And Daman And Diu(State),463,Daman,DAMAN,The Dadra And Nagar Haveli And Daman And Diu(State),DMN,2,495,Not Covered,,,,
660,38,The Dadra And Nagar Haveli And Daman And Diu(State),464,Diu,DIU,The Dadra And Nagar Haveli And Daman And Diu(State),DIU,1,494,Not Covered,,,,
661,16,Tripura(State),269,Dhalai,ধলাই,Tripura(State),DHL,3,291,Not Covered,,,,
662,16,Tripura(State),654,Gomati,গোমতি,Tripura(State),GOM,,0,Not Covered,,,,
663,16,Tripura(State),652,Khowai,খোয়াই,Tripura(State),KHO,,0,Not Covered,,,,
664,16,Tripura(State),270,North Tripura,উত্তর ত্রিপুরা,Tripura(State),NTR,4,292,Not Covered,,,,
665,16,Tripura(State),653,Sepahijala,সিপাহিজলা,Tripura(State),SEP,,0,Not Covered,,,,
666,16,Tripura(State),271,South Tripura,দক্ষিন ত্রিপুরা,Tripura(State),STR,2,290,Not Covered,,,,
667,16,Tripura(State),655,Unakoti,ঊনকোটি,Tripura(State),UNK,,0,Not Covered,,,,
668,16,Tripura(State),272,West Tripura,পশ্চিম ত্রিপুরা,Tripura(State),WTR,1,289,Not Covered,,,,
669,5,Uttarakhand(State),45,Almora,ALMORA,Uttarakhand(State),ALM,9,64,Not Covered,,,,
670,5,Uttarakhand(State),46,Bageshwar,BAGESHWAR,Uttarakhand(State),BGS,8,63,Not Covered,,,,
671,5,Uttarakhand(State),47,Chamoli,CHAMOLI,Uttarakhand(State),CHL,2,57,Not Covered,,,,
672,5,Uttarakhand(State),48,Champawat,CHAMPAWAT,Uttarakhand(State),CHP,10,65,Not Covered,,,,
673,5,Uttarakhand(State),49,Dehradun,DEHRADUN,Uttarakhand(State),DHR,5,60,Not Covered,,,,
674,5,Uttarakhand(State),50,Haridwar,HARIDWAR,Uttarakhand(State),HRD,13,68,Not Covered,,,,
675,5,Uttarakhand(State),51,Nainital,NAINITAL,Uttarakhand(State),NNT,11,66,Not Covered,,,,
676,5,Uttarakhand(State),52,Pauri Garhwal,PAURI GARHWAL,Uttarakhand(State),PGR,6,61,Not Covered,,,,
677,5,Uttarakhand(State),53,Pithoragarh,PITHORAGARH,Uttarakhand(State),PTH,7,62,Not Covered,,,,
678,5,Uttarakhand(State),54,Rudraprayag,रूद्रप्रयाग,Uttarakhand(State),RPY,3,58,Not Covered,,,,
679,5,Uttarakhand(State),55,Tehri Garhwal,TEHRI GARHWAL,Uttarakhand(State),TGR,4,59,Not Covered,,,,
680,5,Uttarakhand(State),56,Udham Singh Nagar,UDHAM SINGH NAGAR,Uttarakhand(State),USN,12,67,Not Covered,,,,
681,5,Uttarakhand(State),57,Uttarkashi,UTTAR KASHI,Uttarakhand(State),UKS,1,56,Not Covered,,,,
682,9,Uttar Pradesh(State),118,Agra,AGRA,Uttar Pradesh(State),AGR,15,146,Not Covered,,,,
683,9,Uttar Pradesh(State),119,Aligarh,ALIGARH,Uttar Pradesh(State),ALG,12,143,Not Covered,,,,
684,9,Uttar Pradesh(State),121,Ambedkar Nagar,AMBEDKAR NAGAR,Uttar Pradesh(State),AMN,48,178,Not Covered,,,,
685,9,Uttar Pradesh(State),640,Amethi,Amethi,Uttar Pradesh(State),AME,,0,Not Covered,,,,
686,9,Uttar Pradesh(State),154,Amroha,AMROHA,Uttar Pradesh(State),AMR,6,137,Not Covered,,,,
687,9,Uttar Pradesh(State),122,Auraiya,AURAIYA,Uttar Pradesh(State),ARY,32,162,Not Covered,,,,
688,9,Uttar Pradesh(State),140,Ayodhya,AYODHYA,Uttar Pradesh(State),FZB,47,177,Not Covered,,,,
689,9,Uttar Pradesh(State),123,Azamgarh,AZAMGARH,Uttar Pradesh(State),AZM,61,191,Not Covered,,,,
690,9,Uttar Pradesh(State),126,Ballia,BALLIA,Uttar Pradesh(State),BAL,63,193,Not Covered,,,,
691,9,Uttar Pradesh(State),127,Balrampur,BALRAMPUR,Uttar Pradesh(State),BRP,52,182,Not Covered,,,,
692,9,Uttar Pradesh(State),128,Banda,BANDA,Uttar Pradesh(State),BAN,40,170,Not Covered,,,,
693,9,Uttar Pradesh(State),129,Bara Banki,BARA BANKI,Uttar Pradesh(State),BRB,46,176,Not Covered,,,,
694,9,Uttar Pradesh(State),130,Bareilly,BAREILLY,Uttar Pradesh(State),BRL,20,150,Not Covered,,,,
695,9,Uttar Pradesh(State),131,Basti,BASTI,Uttar Pradesh(State),BST,55,185,Not Covered,,,,
696,9,Uttar Pradesh(State),179,Bhadohi,BHADOHI,Uttar Pradesh(State),SRD,68,198,Not Covered,,,,
697,9,Uttar Pradesh(State),132,Bijnor,BIJNOR,Uttar Pradesh(State),BJN,3,134,Not Covered,,,,
698,9,Uttar Pradesh(State),133,Budaun,BUDAUN,Uttar Pradesh(State),BDN,19,149,Not Covered,,,,
699,9,Uttar Pradesh(State),134,Bulandshahr,BULANDSHAHR,Uttar Pradesh(State),BLR,11,142,Not Covered,,,,
700,9,Uttar Pradesh(State),135,Chandauli,CHANDAULI,Uttar Pradesh(State),CHN,66,196,Not Covered,,,,
701,9,Uttar Pradesh(State),136,Chitrakoot,CHITRAKOOT,Uttar Pradesh(State),CHK,41,171,Not Covered,,,,
702,9,Uttar Pradesh(State),137,Deoria,DEORIA,Uttar Pradesh(State),DER,60,190,Not Covered,,,,
703,9,Uttar Pradesh(State),138,Etah,ETAH,Uttar Pradesh(State),ETA,17,201,Not Covered,,,,
704,9,Uttar Pradesh(State),139,Etawah,ETAWAH,Uttar Pradesh(State),ETW,31,161,Not Covered,,,,
705,9,Uttar Pradesh(State),141,Farrukhabad,FARRUKHABAD,Uttar Pradesh(State),FKB,29,159,Not Covered,,,,
706,9,Uttar Pradesh(State),142,Fatehpur,FATEHPUR,Uttar Pradesh(State),FTP,42,172,Not Covered,,,,
707,9,Uttar Pradesh(State),143,Firozabad,FIROZABAD,Uttar Pradesh(State),FIR,16,147,Not Covered,,,,
708,9,Uttar Pradesh(State),144,Gautam Buddha Nagar,GAUTAM BUDDHA NAGAR,Uttar Pradesh(State),GBN,10,141,Not Covered,,,,
709,9,Uttar Pradesh(State),145,Ghaziabad,GHAZIABAD,Uttar Pradesh(State),GZB,9,140,Not Covered,,,,
710,9,Uttar Pradesh(State),146,Ghazipur,GHAZIPUR,Uttar Pradesh(State),GZP,65,195,Not Covered,,,,
711,9,Uttar Pradesh(State),147,Gonda,GONDA,Uttar Pradesh(State),GND,53,183,Not Covered,,,,
712,9,Uttar Pradesh(State),148,Gorakhpur,GORAKHPUR,Uttar Pradesh(State),GKP,58,188,Not Covered,,,,
713,9,Uttar Pradesh(State),149,Hamirpur,HAMIRPUR,Uttar Pradesh(State),HRP,38,168,Not Covered,,,,
714,9,Uttar Pradesh(State),661,Hapur,HAPUR,Uttar Pradesh(State),HAP,,0,Not Covered,,,,
715,9,Uttar Pradesh(State),150,Hardoi,HARDOI,Uttar Pradesh(State),HAR,25,155,Not Covered,,,,
716,9,Uttar Pradesh(State),163,Hathras,HATHRAS,Uttar Pradesh(State),HTR,13,144,Not Covered,,,,
717,9,Uttar Pradesh(State),151,Jalaun,JALAUN,Uttar Pradesh(State),JLU,35,165,Not Covered,,,,
718,9,Uttar Pradesh(State),152,Jaunpur,JAUNPUR,Uttar Pradesh(State),JNP,64,194,Not Covered,,,,
719,9,Uttar Pradesh(State),153,Jhansi,JHANSI,Uttar Pradesh(State),JHS,36,166,Not Covered,,,,
720,9,Uttar Pradesh(State),155,Kannauj,KANNAUJ,Uttar Pradesh(State),KNJ,30,160,Not Covered,,,,
721,9,Uttar Pradesh(State),156,Kanpur Dehat,KANPUR DEHAT,Uttar Pradesh(State),KPD,33,163,Not Covered,,,,
722,9,Uttar Pradesh(State),157,Kanpur Nagar,KANPUR NAGAR,Uttar Pradesh(State),KPN,34,164,Not Covered,,,,
723,9,Uttar Pradesh(State),633,Kasganj,Kasganj,Uttar Pradesh(State),KAS,,202,Not Covered,,,,
724,9,Uttar Pradesh(State),158,Kaushambi,KAUSHAMBI,Uttar Pradesh(State),KSB,44,174,Not Covered,,,,
725,9,Uttar Pradesh(State),159,Kheri,KHERI,Uttar Pradesh(State),KHR,23,153,Not Covered,,,,
726,9,Uttar Pradesh(State),160,Kushinagar,KUSHINAGAR,Uttar Pradesh(State),KSN,59,189,Not Covered,,,,
727,9,Uttar Pradesh(State),161,Lalitpur,LALITPUR,Uttar Pradesh(State),LLP,37,167,Not Covered,,,,
728,9,Uttar Pradesh(State),162,Lucknow,LUCKNOW,Uttar Pradesh(State),LCK,27,157,Not Covered,,,,
729,9,Uttar Pradesh(State),165,Mahoba,MAHOBA,Uttar Pradesh(State),MHB,39,169,Not Covered,,,,
730,9,Uttar Pradesh(State),164,Mahrajganj,MAHRAJGANJ,Uttar Pradesh(State),MRG,57,187,Not Covered,,,,
731,9,Uttar Pradesh(State),166,Mainpuri,MAINPURI,Uttar Pradesh(State),MPR,18,148,Not Covered,,,,
732,9,Uttar Pradesh(State),167,Mathura,MATHURA,Uttar Pradesh(State),MTH,14,145,Not Covered,,,,
733,9,Uttar Pradesh(State),168,Mau,MAU,Uttar Pradesh(State),MAU,62,192,Not Covered,,,,
734,9,Uttar Pradesh(State),169,Meerut,MEERUT,Uttar Pradesh(State),MRT,7,138,Not Covered,,,,
735,9,Uttar Pradesh(State),170,Mirzapur,मिर्ज़ापुर,Uttar Pradesh(State),MZP,69,199,Not Covered,,,,
736,9,Uttar Pradesh(State),171,Moradabad,MORADABAD,Uttar Pradesh(State),MRB,4,135,Not Covered,,,,
737,9,Uttar Pradesh(State),172,Muzaffarnagar,MUZAFFARNAGAR,Uttar Pradesh(State),MZN,2,133,Not Covered,,,,
738,9,Uttar Pradesh(State),173,Pilibhit,PILIBHIT,Uttar Pradesh(State),PLB,21,151,Not Covered,,,,
739,9,Uttar Pradesh(State),174,Pratapgarh,PRATAPGARH,Uttar Pradesh(State),PRG,43,173,Not Covered,,,,
740,9,Uttar Pradesh(State),120,Prayagraj,PRAYAGRAJ,Uttar Pradesh(State),ALB,45,175,Not Covered,,,,
741,9,Uttar Pradesh(State),175,Rae Bareli,RAE BARELI,Uttar Pradesh(State),RBL,28,158,Not Covered,,,,
742,9,Uttar Pradesh(State),176,Rampur,RAMPUR,Uttar Pradesh(State),RMP,5,136,Not Covered,,,,
743,9,Uttar Pradesh(State),177,Saharanpur,SAHARANPUR,Uttar Pradesh(State),SHR,1,132,Not Covered,,,,
744,9,Uttar Pradesh(State),659,Sambhal,SAMBHAL,Uttar Pradesh(State),SBL,,0,Not Covered,,,,
745,9,Uttar Pradesh(State),178,Sant Kabir Nagar,SANT KABIR NAGAR,Uttar Pradesh(State),SKN,56,186,Not Covered,,,,
746,9,Uttar Pradesh(State),180,Shahjahanpur,SHAHJAHANPUR,Uttar Pradesh(State),SJN,22,152,Not Covered,,,,
747,9,Uttar Pradesh(State),660,Shamli,SHAMLI,Uttar Pradesh(State),SML,,0,Not Covered,,,,
748,9,Uttar Pradesh(State),181,Shrawasti,SHRAWASTI,Uttar Pradesh(State),SHV,51,181,Not Covered,,,,
749,9,Uttar Pradesh(State),182,Siddharthnagar,SIDDHARTHNAGAR,Uttar Pradesh(State),SDN,54,184,Not Covered,,,,
750,9,Uttar Pradesh(State),183,Sitapur,SITAPUR,Uttar Pradesh(State),STP,24,154,Not Covered,,,,
751,9,Uttar Pradesh(State),184,Sonbhadra,SONBHADRA,Uttar Pradesh(State),SBD,70,200,Not Covered,,,,
752,9,Uttar Pradesh(State),185,Sultanpur,SULTANPUR,Uttar Pradesh(State),SLP,49,179,Not Covered,,,,
753,9,Uttar Pradesh(State),186,Unnao,UNNAO,Uttar Pradesh(State),UNO,26,156,Not Covered,,,,
754,9,Uttar Pradesh(State),187,Varanasi,VARANASI,Uttar Pradesh(State),VRN,67,197,Not Covered,,,,
755,19,West Bengal(State),664,Alipurduar,,West Bengal(State),APD,,0,Not Covered,,,,
756,19,West Bengal(State),305,Bankura,BANKURA,West Bengal(State),BNR,13,339,Not Covered,,,,
757,19,West Bengal(State),307,Birbhum,BIRBHUM,West Bengal(State),BIR,8,334,Not Covered,,,,
758,19,West Bengal(State),308,Cooch Behar,COOCH BEHAR,West Bengal(State),CBH,3,329,Not Covered,,,,
759,19,West Bengal(State),310,Dakshin Dinajpur,DAKSHIN DINAJPUR,West Bengal(State),DPD,5,331,Not Covered,,,,
760,19,West Bengal(State),309,Darjeeling,DARJEELING,West Bengal(State),DRJ,1,327,Not Covered,,,,
761,19,West Bengal(State),312,Hooghly,HOOGHLY,West Bengal(State),HOO,12,338,Not Covered,,,,
762,19,West Bengal(State),313,Howrah,HOWRAH,West Bengal(State),HWR,16,341,Not Covered,,,,
763,19,West Bengal(State),314,Jalpaiguri,JALPAIGURI,West Bengal(State),JLP,2,328,Not Covered,,,,
764,19,West Bengal(State),703,Jhargram,Jhargram,West Bengal(State),GRM,,0,Not Covered,,,,
765,19,West Bengal(State),702,Kalimpong,KALIMPONG,West Bengal(State),MPN,,0,Not Covered,,,,
766,19,West Bengal(State),315,Kolkata,KOLKATA,West Bengal(State),KLK,17,342,Not Covered,,,,
767,19,West Bengal(State),316,Malda,MALDA,West Bengal(State),MLD,6,332,Not Covered,,,,
768,19,West Bengal(State),319,Murshidabad,MURSHIDABAD,West Bengal(State),MRS,7,333,Not Covered,,,,
769,19,West Bengal(State),320,Nadia,NADIA,West Bengal(State),NAD,10,336,Not Covered,,,,
770,19,West Bengal(State),303,North 24 Parganas,NORTH TWENTY FOUR PARGANAS,West Bengal(State),S24,11,337,Not Covered,,,,
771,19,West Bengal(State),704,Paschim Bardhaman,PASCHIM BARDHAMAN,West Bengal(State),MBR,,0,Not Covered,,,,
772,19,West Bengal(State),318,Paschim Medinipur,PASCHIM MEDINIPUR,West Bengal(State),MPW,15,344,Not Covered,,,,
773,19,West Bengal(State),306,Purba Bardhaman,PURBA BARDHAMAN,West Bengal(State),BRD,9,335,Not Covered,,,,
774,19,West Bengal(State),317,Purba Medinipur,PURBA MEDINIPUR,West Bengal(State),MPE,15,345,Not Covered,,,,
775,19,West Bengal(State),321,Purulia,PURULIA,West Bengal(State),PRL,14,340,Not Covered,,,,
776,19,West Bengal(State),304,South 24 Parganas,SOUTH 24 Parganas,West Bengal(State),N24,18,343,Not Covered,,,,
777,19,West Bengal(State),311,Uttar Dinajpur,UTTAR DINAJPUR,West Bengal(State),DPU,4,330,Not Covered,,,,
